instanceType,vCpus,vCpuCores,memorySizeInGiB,gpuCount,gpuTotalGpuMemoryInGiB,onDemandLinuxHr,spotLinuxHr,vCpuThreadsPerCore,storageTotalSizeInGB,storage,networkPerformance,gpuName,processorClockSpeedInGhz,instanceFamilyName
a1.2xlarge,8.0,8.0,16.0,0,0.0,0.204,0.2031,1.0,0.0,"EBS only","Up to 10 Gigabit","",2.3,"General purpose"
a1.4xlarge,16.0,16.0,32.0,0,0.0,0.408,0.4058,1.0,0.0,"EBS only","Up to 10 Gigabit","",2.3,"General purpose"
a1.large,2.0,2.0,4.0,0,0.0,0.051,0.0508,1.0,0.0,"EBS only","Up to 10 Gigabit","",2.3,"General purpose"
a1.medium,1.0,1.0,2.0,0,0.0,0.0255,0.0254,1.0,0.0,"EBS only","Up to 10 Gigabit","",2.3,"General purpose"
a1.metal,16.0,16.0,32.0,0,0.0,0.408,0.4062,1.0,0.0,"EBS only","Up to 10 Gigabit","",2.3,"General purpose"
a1.xlarge,4.0,4.0,8.0,0,0.0,0.102,0.1015,1.0,0.0,"EBS only","Up to 10 Gigabit","",2.3,"General purpose"
c1.medium,2.0,2.0,1.7,0,0.0,0.13,0.014,1.0,350.0,"1 x 350 SSD",Moderate,"",0.0,"Compute optimized"
c1.xlarge,8.0,8.0,7.0,0,0.0,0.52,0.1542,1.0,1680.0,"4 x 420 SSD",High,"",0.0,"Compute optimized"
c3.2xlarge,8.0,4.0,15.0,0,0.0,0.42,0.1364,2.0,160.0,"2 x 80 SSD",High,"",2.8,"Compute optimized"
c3.4xlarge,16.0,8.0,30.0,0,0.0,0.84,0.3543,2.0,320.0,"2 x 160 SSD",High,"",2.8,"Compute optimized"
c3.8xlarge,32.0,16.0,60.0,0,0.0,1.68,0.4755,2.0,640.0,"2 x 320 SSD","10 Gigabit","",2.8,"Compute optimized"
c3.large,2.0,1.0,3.75,0,0.0,0.105,0.0283,2.0,32.0,"2 x 16 SSD",Moderate,"",2.8,"Compute optimized"
c3.xlarge,4.0,2.0,7.5,0,0.0,0.21,0.0718,2.0,80.0,"2 x 40 SSD",Moderate,"",2.8,"Compute optimized"
c4.2xlarge,8.0,4.0,15.0,0,0.0,0.398,0.1587,2.0,0.0,"EBS only",High,"",2.9,"Compute optimized"
c4.4xlarge,16.0,8.0,30.0,0,0.0,0.796,0.2862,2.0,0.0,"EBS only",High,"",2.9,"Compute optimized"
c4.8xlarge,36.0,18.0,60.0,0,0.0,1.591,0.5209,2.0,0.0,"EBS only","10 Gigabit","",2.9,"Compute optimized"
c4.large,2.0,1.0,3.75,0,0.0,0.1,0.0309,2.0,0.0,"EBS only",Moderate,"",2.9,"Compute optimized"
c4.xlarge,4.0,2.0,7.5,0,0.0,0.199,0.0591,2.0,0.0,"EBS only",High,"",2.9,"Compute optimized"
c5.12xlarge,48.0,24.0,96.0,0,0.0,2.04,0.5321,2.0,0.0,"EBS only","12 Gigabit","",3.6,"Compute optimized"
c5.18xlarge,72.0,36.0,144.0,0,0.0,3.06,0.845,2.0,0.0,"EBS only","25 Gigabit","",3.4,"Compute optimized"
c5.24xlarge,96.0,48.0,192.0,0,0.0,4.08,0.9011,2.0,0.0,"EBS only","25 Gigabit","",3.6,"Compute optimized"
c5.2xlarge,8.0,4.0,16.0,0,0.0,0.34,0.1294,2.0,0.0,"EBS only","Up to 10 Gigabit","",3.4,"Compute optimized"
c5.4xlarge,16.0,8.0,32.0,0,0.0,0.68,0.179,2.0,0.0,"EBS only","Up to 10 Gigabit","",3.4,"Compute optimized"
c5.9xlarge,36.0,18.0,72.0,0,0.0,1.53,0.5126,2.0,0.0,"EBS only","12 Gigabit","",3.4,"Compute optimized"
c5.large,2.0,1.0,4.0,0,0.0,0.085,0.0318,2.0,0.0,"EBS only","Up to 10 Gigabit","",3.4,"Compute optimized"
c5.metal,96.0,48.0,192.0,0,0.0,4.08,0.5699,2.0,0.0,"EBS only","25 Gigabit","",3.6,"Compute optimized"
c5.xlarge,4.0,2.0,8.0,0,0.0,0.17,0.0608,2.0,0.0,"EBS only","Up to 10 Gigabit","",3.4,"Compute optimized"
c5a.12xlarge,48.0,24.0,96.0,0,0.0,1.848,0.5485,2.0,0.0,"EBS only","12 Gigabit","",3.3,"Compute optimized"
c5a.16xlarge,64.0,32.0,128.0,0,0.0,2.464,0.8527,2.0,0.0,"EBS only","20 Gigabit","",3.3,"Compute optimized"
c5a.24xlarge,96.0,48.0,192.0,0,0.0,3.696,1.2555,2.0,0.0,"EBS only","20 Gigabit","",3.3,"Compute optimized"
c5a.2xlarge,8.0,4.0,16.0,0,0.0,0.308,0.1366,2.0,0.0,"EBS only","Up to 10 Gigabit","",3.3,"Compute optimized"
c5a.4xlarge,16.0,8.0,32.0,0,0.0,0.616,0.276,2.0,0.0,"EBS only","Up to 10 Gigabit","",3.3,"Compute optimized"
c5a.8xlarge,32.0,16.0,64.0,0,0.0,1.232,0.4992,2.0,0.0,"EBS only","10 Gigabit","",3.3,"Compute optimized"
c5a.large,2.0,1.0,4.0,0,0.0,0.077,0.0278,2.0,0.0,"EBS only","Up to 10 Gigabit","",3.3,"Compute optimized"
c5a.xlarge,4.0,2.0,8.0,0,0.0,0.154,0.0606,2.0,0.0,"EBS only","Up to 10 Gigabit","",3.3,"Compute optimized"
c5ad.12xlarge,48.0,24.0,96.0,0,0.0,2.064,0.7965,2.0,1800.0,"2 x 900 NVMe SSD","12 Gigabit","",3.3,"Compute optimized"
c5ad.16xlarge,64.0,32.0,128.0,0,0.0,2.752,0.9347,2.0,2400.0,"2 x 1200 NVMe SSD","20 Gigabit","",3.3,"Compute optimized"
c5ad.24xlarge,96.0,48.0,192.0,0,0.0,4.128,1.3334,2.0,3800.0,"2 x 1900 NVMe SSD","20 Gigabit","",3.3,"Compute optimized"
c5ad.2xlarge,8.0,4.0,16.0,0,0.0,0.344,0.1506,2.0,300.0,"1 x 300 NVMe SSD","Up to 10 Gigabit","",3.3,"Compute optimized"
c5ad.4xlarge,16.0,8.0,32.0,0,0.0,0.688,0.2898,2.0,600.0,"2 x 300 NVMe SSD","Up to 10 Gigabit","",3.3,"Compute optimized"
c5ad.8xlarge,32.0,16.0,64.0,0,0.0,1.376,0.6712,2.0,1200.0,"2 x 600 NVMe SSD","10 Gigabit","",3.3,"Compute optimized"
c5ad.large,2.0,1.0,4.0,0,0.0,0.086,0.0299,2.0,75.0,"1 x 75 NVMe SSD","Up to 10 Gigabit","",3.3,"Compute optimized"
c5ad.xlarge,4.0,2.0,8.0,0,0.0,0.172,0.0697,2.0,150.0,"1 x 150 NVMe SSD","Up to 10 Gigabit","",3.3,"Compute optimized"
c5d.12xlarge,48.0,24.0,96.0,0,0.0,2.304,0.7994,2.0,1800.0,"2 x 900 NVMe SSD","12 Gigabit","",3.6,"Compute optimized"
c5d.18xlarge,72.0,36.0,144.0,0,0.0,3.456,0.7476,2.0,1800.0,"2 x 900 NVMe SSD","25 Gigabit","",3.4,"Compute optimized"
c5d.24xlarge,96.0,48.0,192.0,0,0.0,4.608,1.2878,2.0,3600.0,"4 x 900 NVMe SSD","25 Gigabit","",3.6,"Compute optimized"
c5d.2xlarge,8.0,4.0,16.0,0,0.0,0.384,0.155,2.0,200.0,"1 x 200 NVMe SSD","Up to 10 Gigabit","",3.4,"Compute optimized"
c5d.4xlarge,16.0,8.0,32.0,0,0.0,0.768,0.3576,2.0,400.0,"1 x 400 NVMe SSD","Up to 10 Gigabit","",3.4,"Compute optimized"
c5d.9xlarge,36.0,18.0,72.0,0,0.0,1.728,0.587,2.0,900.0,"1 x 900 NVMe SSD","12 Gigabit","",3.4,"Compute optimized"
c5d.large,2.0,1.0,4.0,0,0.0,0.096,0.0337,2.0,50.0,"1 x 50 NVMe SSD","Up to 10 Gigabit","",3.4,"Compute optimized"
c5d.metal,96.0,48.0,192.0,0,0.0,4.608,0.5305,2.0,3600.0,"4 x 900 NVMe SSD","25 Gigabit","",3.6,"Compute optimized"
c5d.xlarge,4.0,2.0,8.0,0,0.0,0.192,0.0701,2.0,100.0,"1 x 100 NVMe SSD","Up to 10 Gigabit","",3.4,"Compute optimized"
c5n.18xlarge,72.0,36.0,192.0,0,0.0,3.888,0.6157,2.0,0.0,"EBS only","100 Gigabit","",3.4,"Compute optimized"
c5n.2xlarge,8.0,4.0,21.0,0,0.0,0.432,0.1927,2.0,0.0,"EBS only","Up to 25 Gigabit","",3.4,"Compute optimized"
c5n.4xlarge,16.0,8.0,42.0,0,0.0,0.864,0.382,2.0,0.0,"EBS only","Up to 25 Gigabit","",3.4,"Compute optimized"
c5n.9xlarge,36.0,18.0,96.0,0,0.0,1.944,0.6344,2.0,0.0,"EBS only","50 Gigabit","",3.4,"Compute optimized"
c5n.large,2.0,1.0,5.25,0,0.0,0.108,0.0354,2.0,0.0,"EBS only","Up to 25 Gigabit","",3.4,"Compute optimized"
c5n.metal,72.0,36.0,192.0,0,0.0,3.888,0.3916,2.0,0.0,"EBS only","100 Gigabit","",3.4,"Compute optimized"
c5n.xlarge,4.0,2.0,10.5,0,0.0,0.216,0.1,2.0,0.0,"EBS only","Up to 25 Gigabit","",3.4,"Compute optimized"
c6a.12xlarge,48.0,24.0,96.0,0,0.0,1.836,0.5169,2.0,0.0,"EBS only","18.75 Gigabit","",3.6,"Compute optimized"
c6a.16xlarge,64.0,32.0,128.0,0,0.0,2.448,0.8621,2.0,0.0,"EBS only","25 Gigabit","",3.6,"Compute optimized"
c6a.24xlarge,96.0,48.0,192.0,0,0.0,3.672,0.9896,2.0,0.0,"EBS only","37.5 Gigabit","",3.6,"Compute optimized"
c6a.2xlarge,8.0,4.0,16.0,0,0.0,0.306,0.1154,2.0,0.0,"EBS only","Up to 12.5 Gigabit","",3.6,"Compute optimized"
c6a.32xlarge,128.0,64.0,256.0,0,0.0,4.896,1.4178,2.0,0.0,"EBS only","50 Gigabit","",3.6,"Compute optimized"
c6a.48xlarge,192.0,96.0,384.0,0,0.0,7.344,1.8089,2.0,0.0,"EBS only","50 Gigabit","",3.6,"Compute optimized"
c6a.4xlarge,16.0,8.0,32.0,0,0.0,0.612,0.2546,2.0,0.0,"EBS only","Up to 12.5 Gigabit","",3.6,"Compute optimized"
c6a.8xlarge,32.0,16.0,64.0,0,0.0,1.224,0.4871,2.0,0.0,"EBS only","12.5 Gigabit","",3.6,"Compute optimized"
c6a.large,2.0,1.0,4.0,0,0.0,0.0765,0.0248,2.0,0.0,"EBS only","Up to 12.5 Gigabit","",3.6,"Compute optimized"
c6a.metal,192.0,96.0,384.0,0,0.0,7.344,0.9474,2.0,0.0,"EBS only","50 Gigabit","",3.6,"Compute optimized"
c6a.xlarge,4.0,2.0,8.0,0,0.0,0.153,0.0573,2.0,0.0,"EBS only","Up to 12.5 Gigabit","",3.6,"Compute optimized"
c6g.12xlarge,48.0,48.0,96.0,0,0.0,1.632,0.2557,1.0,0.0,"EBS only","20 Gigabit","",2.5,"Compute optimized"
c6g.16xlarge,64.0,64.0,128.0,0,0.0,2.176,0.2912,1.0,0.0,"EBS only","25 Gigabit","",2.5,"Compute optimized"
c6g.2xlarge,8.0,8.0,16.0,0,0.0,0.272,0.0787,1.0,0.0,"EBS only","Up to 10 Gigabit","",2.5,"Compute optimized"
c6g.4xlarge,16.0,16.0,32.0,0,0.0,0.544,0.1501,1.0,0.0,"EBS only","Up to 10 Gigabit","",2.5,"Compute optimized"
c6g.8xlarge,32.0,32.0,64.0,0,0.0,1.088,0.3025,1.0,0.0,"EBS only","12 Gigabit","",2.5,"Compute optimized"
c6g.large,2.0,2.0,4.0,0,0.0,0.068,0.0223,1.0,0.0,"EBS only","Up to 10 Gigabit","",2.5,"Compute optimized"
c6g.medium,1.0,1.0,2.0,0,0.0,0.034,0.0066,1.0,0.0,"EBS only","Up to 10 Gigabit","",2.5,"Compute optimized"
c6g.metal,64.0,64.0,128.0,0,0.0,2.176,0.2176,1.0,0.0,"EBS only","25 Gigabit","",2.5,"Compute optimized"
c6g.xlarge,4.0,4.0,8.0,0,0.0,0.136,0.0509,1.0,0.0,"EBS only","Up to 10 Gigabit","",2.5,"Compute optimized"
c6gd.12xlarge,48.0,48.0,96.0,0,0.0,1.8432,0.1843,1.0,2850.0,"2 x 1425 NVMe SSD","20 Gigabit","",2.5,"Compute optimized"
c6gd.16xlarge,64.0,64.0,128.0,0,0.0,2.4576,0.2458,1.0,3800.0,"2 x 1900 NVMe SSD","25 Gigabit","",2.5,"Compute optimized"
c6gd.2xlarge,8.0,8.0,16.0,0,0.0,0.3072,0.0308,1.0,474.0,"1 x 475 NVMe SSD","Up to 10 Gigabit","",2.5,"Compute optimized"
c6gd.4xlarge,16.0,16.0,32.0,0,0.0,0.6144,0.2002,1.0,950.0,"1 x 950 NVMe SSD","Up to 10 Gigabit","",2.5,"Compute optimized"
c6gd.8xlarge,32.0,32.0,64.0,0,0.0,1.2288,0.1993,1.0,1900.0,"1 x 1900 NVMe SSD","12 Gigabit","",2.5,"Compute optimized"
c6gd.large,2.0,2.0,4.0,0,0.0,0.0768,0.0237,1.0,118.0,"1 x 118 NVMe SSD","Up to 10 Gigabit","",2.5,"Compute optimized"
c6gd.medium,1.0,1.0,2.0,0,0.0,0.0384,0.0039,1.0,59.0,"1 x 59 NVMe SSD","Up to 10 Gigabit","",2.5,"Compute optimized"
c6gd.metal,64.0,64.0,128.0,0,0.0,2.4576,0.2458,1.0,3800.0,"2 x 1900 NVMe SSD","25 Gigabit","",2.5,"Compute optimized"
c6gd.xlarge,4.0,4.0,8.0,0,0.0,0.1536,0.0557,1.0,237.0,"1 x 237 NVMe SSD","Up to 10 Gigabit","",2.5,"Compute optimized"
c6gn.12xlarge,48.0,48.0,96.0,0,0.0,2.0736,0.2074,1.0,0.0,"EBS only","75 Gigabit","",2.5,"Compute optimized"
c6gn.16xlarge,64.0,64.0,128.0,0,0.0,2.7648,0.2816,1.0,0.0,"EBS only","100 Gigabit","",2.5,"Compute optimized"
c6gn.2xlarge,8.0,8.0,16.0,0,0.0,0.3456,0.0937,1.0,0.0,"EBS only","Up to 25 Gigabit","",2.5,"Compute optimized"
c6gn.4xlarge,16.0,16.0,32.0,0,0.0,0.6912,0.1929,1.0,0.0,"EBS only","25 Gigabit","",2.5,"Compute optimized"
c6gn.8xlarge,32.0,32.0,64.0,0,0.0,1.3824,0.3646,1.0,0.0,"EBS only","50 Gigabit","",2.5,"Compute optimized"
c6gn.large,2.0,2.0,4.0,0,0.0,0.0864,0.0247,1.0,0.0,"EBS only","Up to 25 Gigabit","",2.5,"Compute optimized"
c6gn.medium,1.0,1.0,2.0,0,0.0,0.0432,0.0043,1.0,0.0,"EBS only","Up to 16 Gigabit","",2.5,"Compute optimized"
c6gn.xlarge,4.0,4.0,8.0,0,0.0,0.1728,0.0558,1.0,0.0,"EBS only","Up to 25 Gigabit","",2.5,"Compute optimized"
c6i.12xlarge,48.0,24.0,96.0,0,0.0,2.04,0.5609,2.0,0.0,"EBS only","18.75 Gigabit","",3.5,"Compute optimized"
c6i.16xlarge,64.0,32.0,128.0,0,0.0,2.72,0.8768,2.0,0.0,"EBS only","25 Gigabit","",3.5,"Compute optimized"
c6i.24xlarge,96.0,48.0,192.0,0,0.0,4.08,1.162,2.0,0.0,"EBS only","37.5 Gigabit","",3.5,"Compute optimized"
c6i.2xlarge,8.0,4.0,16.0,0,0.0,0.34,0.1689,2.0,0.0,"EBS only","Up to 12.5 Gigabit","",3.5,"Compute optimized"
c6i.32xlarge,128.0,64.0,256.0,0,0.0,5.44,1.5025,2.0,0.0,"EBS only","50 Gigabit","",3.5,"Compute optimized"
c6i.4xlarge,16.0,8.0,32.0,0,0.0,0.68,0.2514,2.0,0.0,"EBS only","Up to 12.5 Gigabit","",3.5,"Compute optimized"
c6i.8xlarge,32.0,16.0,64.0,0,0.0,1.36,0.4956,2.0,0.0,"EBS only","12.5 Gigabit","",3.5,"Compute optimized"
c6i.large,2.0,1.0,4.0,0,0.0,0.085,0.0209,2.0,0.0,"EBS only","Up to 12.5 Gigabit","",3.5,"Compute optimized"
c6i.metal,128.0,64.0,256.0,0,0.0,5.44,0.56,2.0,0.0,"EBS only","50 Gigabit","",3.5,"Compute optimized"
c6i.xlarge,4.0,2.0,8.0,0,0.0,0.17,0.0698,2.0,0.0,"EBS only","Up to 12.5 Gigabit","",3.5,"Compute optimized"
c6id.12xlarge,48.0,24.0,96.0,0,0.0,2.4192,0.7271,2.0,2850.0,"2 x 1425 NVMe SSD","18.75 Gigabit","",3.5,"Compute optimized"
c6id.16xlarge,64.0,32.0,128.0,0,0.0,3.2256,0.9098,2.0,3800.0,"2 x 1900 NVMe SSD","25 Gigabit","",3.5,"Compute optimized"
c6id.24xlarge,96.0,48.0,192.0,0,0.0,4.8384,1.1183,2.0,5700.0,"4 x 1425 NVMe SSD","37.5 Gigabit","",3.5,"Compute optimized"
c6id.2xlarge,8.0,4.0,16.0,0,0.0,0.4032,0.1503,2.0,474.0,"1 x 474 NVMe SSD","Up to 12.5 Gigabit","",3.5,"Compute optimized"
c6id.32xlarge,128.0,64.0,256.0,0,0.0,6.4512,1.0666,2.0,7600.0,"4 x 1900 NVMe SSD","50 Gigabit","",3.5,"Compute optimized"
c6id.4xlarge,16.0,8.0,32.0,0,0.0,0.8064,0.2819,2.0,950.0,"1 x 950 NVMe SSD","Up to 12.5 Gigabit","",3.5,"Compute optimized"
c6id.8xlarge,32.0,16.0,64.0,0,0.0,1.6128,0.5421,2.0,1900.0,"1 x 1900 NVMe SSD","12.5 Gigabit","",3.5,"Compute optimized"
c6id.large,2.0,1.0,4.0,0,0.0,0.1008,0.0278,2.0,118.0,"1 x 118 NVMe SSD","Up to 12.5 Gigabit","",3.5,"Compute optimized"
c6id.metal,128.0,64.0,256.0,0,0.0,6.4512,0.9085,2.0,7600.0,"4 x 1900 NVMe SSD","50 Gigabit","",3.5,"Compute optimized"
c6id.xlarge,4.0,2.0,8.0,0,0.0,0.2016,0.067,2.0,237.0,"1 x 237 NVMe SSD","Up to 12.5 Gigabit","",3.5,"Compute optimized"
c6in.12xlarge,48.0,24.0,96.0,0,0.0,2.7216,0.8974,2.0,0.0,"EBS only","75 Gigabit","",3.5,"Compute optimized"
c6in.16xlarge,64.0,32.0,128.0,0,0.0,3.6288,1.1396,2.0,0.0,"EBS only","100 Gigabit","",3.5,"Compute optimized"
c6in.24xlarge,96.0,48.0,192.0,0,0.0,5.4432,1.3913,2.0,0.0,"EBS only","150 Gigabit","",3.5,"Compute optimized"
c6in.2xlarge,8.0,4.0,16.0,0,0.0,0.4536,0.1875,2.0,0.0,"EBS only","Up to 40 Gigabit","",3.5,"Compute optimized"
c6in.32xlarge,128.0,64.0,256.0,0,0.0,7.2576,1.6482,2.0,0.0,"EBS only","200 Gigabit","",3.5,"Compute optimized"
c6in.4xlarge,16.0,8.0,32.0,0,0.0,0.9072,0.333,2.0,0.0,"EBS only","Up to 50 Gigabit","",3.5,"Compute optimized"
c6in.8xlarge,32.0,16.0,64.0,0,0.0,1.8144,0.68,2.0,0.0,"EBS only","50 Gigabit","",3.5,"Compute optimized"
c6in.large,2.0,1.0,4.0,0,0.0,0.1134,0.0332,2.0,0.0,"EBS only","Up to 25 Gigabit","",3.5,"Compute optimized"
c6in.metal,128.0,64.0,256.0,0,0.0,7.2576,0.7258,2.0,0.0,"EBS only","200 Gigabit","",3.5,"Compute optimized"
c6in.xlarge,4.0,2.0,8.0,0,0.0,0.2268,0.087,2.0,0.0,"EBS only","Up to 30 Gigabit","",3.5,"Compute optimized"
c7a.12xlarge,48.0,48.0,96.0,0,0.0,2.4634,0.5168,1.0,0.0,"EBS only","18.75 Gigabit","",3.7,"Compute optimized"
c7a.16xlarge,64.0,64.0,128.0,0,0.0,3.2845,0.9962,1.0,0.0,"EBS only","25 Gigabit","",3.7,"Compute optimized"
c7a.24xlarge,96.0,96.0,192.0,0,0.0,4.9267,1.3834,1.0,0.0,"EBS only","37.5 Gigabit","",3.7,"Compute optimized"
c7a.2xlarge,8.0,8.0,16.0,0,0.0,0.4106,0.1677,1.0,0.0,"EBS only","Up to 12.5 Gigabit","",3.7,"Compute optimized"
c7a.32xlarge,128.0,128.0,256.0,0,0.0,6.569,1.4393,1.0,0.0,"EBS only","50 Gigabit","",3.7,"Compute optimized"
c7a.48xlarge,192.0,192.0,384.0,0,0.0,9.8534,2.2472,1.0,0.0,"EBS only","50 Gigabit","",3.7,"Compute optimized"
c7a.4xlarge,16.0,16.0,32.0,0,0.0,0.8211,0.2795,1.0,0.0,"EBS only","Up to 12.5 Gigabit","",3.7,"Compute optimized"
c7a.8xlarge,32.0,32.0,64.0,0,0.0,1.6422,0.5985,1.0,0.0,"EBS only","12.5 Gigabit","",3.7,"Compute optimized"
c7a.large,2.0,2.0,4.0,0,0.0,0.1026,0.0322,1.0,0.0,"EBS only","Up to 12.5 Gigabit","",3.7,"Compute optimized"
c7a.medium,1.0,1.0,2.0,0,0.0,0.0513,0.01,1.0,0.0,"EBS only","Up to 12.5 Gigabit","",3.7,"Compute optimized"
c7a.metal-48xl,192.0,192.0,384.0,0,0.0,9.8534,1.4932,1.0,0.0,"EBS only","50 Gigabit","",3.7,"Compute optimized"
c7a.xlarge,4.0,4.0,8.0,0,0.0,0.2053,0.0782,1.0,0.0,"EBS only","Up to 12.5 Gigabit","",3.7,"Compute optimized"
c7g.12xlarge,48.0,48.0,96.0,0,0.0,1.74,0.4165,1.0,0.0,"EBS only","22.5 Gigabit","",2.6,"Compute optimized"
c7g.16xlarge,64.0,64.0,128.0,0,0.0,2.32,0.232,1.0,0.0,"EBS only","30 Gigabit","",2.6,"Compute optimized"
c7g.2xlarge,8.0,8.0,16.0,0,0.0,0.29,0.0854,1.0,0.0,"EBS only","Up to 15 Gigabit","",2.6,"Compute optimized"
c7g.4xlarge,16.0,16.0,32.0,0,0.0,0.58,0.1792,1.0,0.0,"EBS only","Up to 15 Gigabit","",2.6,"Compute optimized"
c7g.8xlarge,32.0,32.0,64.0,0,0.0,1.16,0.3001,1.0,0.0,"EBS only","15 Gigabit","",2.6,"Compute optimized"
c7g.large,2.0,2.0,4.0,0,0.0,0.0725,0.03,1.0,0.0,"EBS only","Up to 12.5 Gigabit","",2.6,"Compute optimized"
c7g.medium,1.0,1.0,2.0,0,0.0,0.0363,0.0045,1.0,0.0,"EBS only","Up to 12.5 Gigabit","",2.6,"Compute optimized"
c7g.metal,64.0,64.0,128.0,0,0.0,2.32,0.3346,1.0,0.0,"EBS only","30 Gigabit","",2.6,"Compute optimized"
c7g.xlarge,4.0,4.0,8.0,0,0.0,0.145,0.0513,1.0,0.0,"EBS only","Up to 12.5 Gigabit","",2.6,"Compute optimized"
c7gd.12xlarge,48.0,48.0,96.0,0,0.0,2.1773,0.5577,1.0,2850.0,"2 x 1425 NVMe SSD","22.5 Gigabit","",2.6,"Compute optimized"
c7gd.16xlarge,64.0,64.0,128.0,0,0.0,2.903,0.2903,1.0,3800.0,"2 x 1900 NVMe SSD","30 Gigabit","",2.6,"Compute optimized"
c7gd.2xlarge,8.0,8.0,16.0,0,0.0,0.3629,0.1335,1.0,474.0,"1 x 475 NVMe SSD","Up to 15 Gigabit","",2.6,"Compute optimized"
c7gd.4xlarge,16.0,16.0,32.0,0,0.0,0.7258,0.24,1.0,950.0,"1 x 950 NVMe SSD","Up to 15 Gigabit","",2.6,"Compute optimized"
c7gd.8xlarge,32.0,32.0,64.0,0,0.0,1.4515,0.3899,1.0,1900.0,"1 x 1900 NVMe SSD","15 Gigabit","",2.6,"Compute optimized"
c7gd.large,2.0,2.0,4.0,0,0.0,0.0907,0.0269,1.0,118.0,"1 x 118 NVMe SSD","Up to 12.5 Gigabit","",2.6,"Compute optimized"
c7gd.medium,1.0,1.0,2.0,0,0.0,0.0454,0.0047,1.0,59.0,"1 x 59 NVMe SSD","Up to 12.5 Gigabit","",2.6,"Compute optimized"
c7gd.metal,64.0,64.0,128.0,0,0.0,2.903,0.2903,1.0,3800.0,"2 x 1900 NVMe SSD","30 Gigabit","",2.6,"Compute optimized"
c7gd.xlarge,4.0,4.0,8.0,0,0.0,0.1814,0.0702,1.0,237.0,"1 x 237 NVMe SSD","Up to 12.5 Gigabit","",2.6,"Compute optimized"
c7gn.12xlarge,48.0,48.0,96.0,0,0.0,2.9952,0.3029,1.0,0.0,"EBS only","150 Gigabit","",2.6,"Compute optimized"
c7gn.16xlarge,64.0,64.0,128.0,0,0.0,3.9936,0.3994,1.0,0.0,"EBS only","200 Gigabit","",2.6,"Compute optimized"
c7gn.2xlarge,8.0,8.0,16.0,0,0.0,0.4992,0.0583,1.0,0.0,"EBS only","Up to 50 Gigabit","",2.6,"Compute optimized"
c7gn.4xlarge,16.0,16.0,32.0,0,0.0,0.9984,0.2172,1.0,0.0,"EBS only","50 Gigabit","",2.6,"Compute optimized"
c7gn.8xlarge,32.0,32.0,64.0,0,0.0,1.9968,0.3002,1.0,0.0,"EBS only","100 Gigabit","",2.6,"Compute optimized"
c7gn.large,2.0,2.0,4.0,0,0.0,0.1248,0.0174,1.0,0.0,"EBS only","Up to 30 Gigabit","",2.6,"Compute optimized"
c7gn.medium,1.0,1.0,2.0,0,0.0,0.0624,0.0062,1.0,0.0,"EBS only","Up to 25 Gigabit","",2.6,"Compute optimized"
c7gn.metal,64.0,64.0,128.0,0,0.0,3.9936,0.3994,1.0,0.0,"EBS only","200 Gigabit","",2.6,"Compute optimized"
c7gn.xlarge,4.0,4.0,8.0,0,0.0,0.2496,0.0504,1.0,0.0,"EBS only","Up to 40 Gigabit","",2.6,"Compute optimized"
c7i-flex.12xlarge,48.0,24.0,96.0,0,0.0,2.0349,0.2035,2.0,0.0,"EBS only","Up to 18.75 Gigabit","",3.2,"Compute optimized"
c7i-flex.16xlarge,64.0,32.0,128.0,0,0.0,2.7132,0.2746,2.0,0.0,"EBS only","Up to 25 Gigabit","",3.2,"Compute optimized"
c7i-flex.2xlarge,8.0,4.0,16.0,0,0.0,0.3392,0.1572,2.0,0.0,"EBS only","Up to 12.5 Gigabit","",3.2,"Compute optimized"
c7i-flex.4xlarge,16.0,8.0,32.0,0,0.0,0.6783,0.1991,2.0,0.0,"EBS only","Up to 12.5 Gigabit","",3.2,"Compute optimized"
c7i-flex.8xlarge,32.0,16.0,64.0,0,0.0,1.3566,0.3571,2.0,0.0,"EBS only","Up to 12.5 Gigabit","",3.2,"Compute optimized"
c7i-flex.large,2.0,1.0,4.0,0,0.0,0.0848,0.0254,2.0,0.0,"EBS only","Up to 12.5 Gigabit","",3.2,"Compute optimized"
c7i-flex.xlarge,4.0,2.0,8.0,0,0.0,0.1696,0.0521,2.0,0.0,"EBS only","Up to 12.5 Gigabit","",3.2,"Compute optimized"
c7i.12xlarge,48.0,24.0,96.0,0,0.0,2.142,0.6371,2.0,0.0,"EBS only","18.75 Gigabit","",3.2,"Compute optimized"
c7i.16xlarge,64.0,32.0,128.0,0,0.0,2.856,0.8514,2.0,0.0,"EBS only","25 Gigabit","",3.2,"Compute optimized"
c7i.24xlarge,96.0,48.0,192.0,0,0.0,4.284,1.0285,2.0,0.0,"EBS only","37.5 Gigabit","",3.2,"Compute optimized"
c7i.2xlarge,8.0,4.0,16.0,0,0.0,0.357,0.1273,2.0,0.0,"EBS only","Up to 12.5 Gigabit","",3.2,"Compute optimized"
c7i.48xlarge,192.0,96.0,384.0,0,0.0,8.568,2.2466,2.0,0.0,"EBS only","50 Gigabit","",3.2,"Compute optimized"
c7i.4xlarge,16.0,8.0,32.0,0,0.0,0.714,0.258,2.0,0.0,"EBS only","Up to 12.5 Gigabit","",3.2,"Compute optimized"
c7i.8xlarge,32.0,16.0,64.0,0,0.0,1.428,0.5421,2.0,0.0,"EBS only","12.5 Gigabit","",3.2,"Compute optimized"
c7i.large,2.0,1.0,4.0,0,0.0,0.0892,0.028,2.0,0.0,"EBS only","Up to 12.5 Gigabit","",3.2,"Compute optimized"
c7i.metal-24xl,96.0,48.0,192.0,0,0.0,4.284,0.4284,2.0,0.0,"EBS only","37.5 Gigabit","",3.2,"Compute optimized"
c7i.metal-48xl,192.0,96.0,384.0,0,0.0,8.568,0.8568,2.0,0.0,"EBS only","50 Gigabit","",3.2,"Compute optimized"
c7i.xlarge,4.0,2.0,8.0,0,0.0,0.1785,0.0647,2.0,0.0,"EBS only","Up to 12.5 Gigabit","",3.2,"Compute optimized"
c8g.12xlarge,48.0,48.0,96.0,0,0.0,1.9142,0.4732,1.0,0.0,"EBS only","22.5 Gigabit","",2.8,"Compute optimized"
c8g.16xlarge,64.0,64.0,128.0,0,0.0,2.5523,0.3361,1.0,0.0,"EBS only","30 Gigabit","",2.8,"Compute optimized"
c8g.24xlarge,96.0,96.0,192.0,0,0.0,3.8285,0.4054,1.0,0.0,"EBS only","40 Gigabit","",2.8,"Compute optimized"
c8g.2xlarge,8.0,8.0,16.0,0,0.0,0.319,0.0835,1.0,0.0,"EBS only","Up to 15 Gigabit","",2.8,"Compute optimized"
c8g.48xlarge,192.0,192.0,384.0,0,0.0,7.657,1.6738,1.0,0.0,"EBS only","50 Gigabit","",2.7,"Compute optimized"
c8g.4xlarge,16.0,16.0,32.0,0,0.0,0.6381,0.1893,1.0,0.0,"EBS only","Up to 15 Gigabit","",2.8,"Compute optimized"
c8g.8xlarge,32.0,32.0,64.0,0,0.0,1.2762,0.3532,1.0,0.0,"EBS only","15 Gigabit","",2.8,"Compute optimized"
c8g.large,2.0,2.0,4.0,0,0.0,0.0798,0.0226,1.0,0.0,"EBS only","Up to 12.5 Gigabit","",2.8,"Compute optimized"
c8g.medium,1.0,1.0,2.0,0,0.0,0.0399,0.004,1.0,0.0,"EBS only","Up to 12.5 Gigabit","",2.8,"Compute optimized"
c8g.metal-24xl,96.0,96.0,192.0,0,0.0,3.8285,0.3828,1.0,0.0,"EBS only","40 Gigabit","",2.8,"Compute optimized"
c8g.metal-48xl,192.0,192.0,384.0,0,0.0,7.657,0.7667,1.0,0.0,"EBS only","50 Gigabit","",2.7,"Compute optimized"
c8g.xlarge,4.0,4.0,8.0,0,0.0,0.1595,0.0435,1.0,0.0,"EBS only","Up to 12.5 Gigabit","",2.8,"Compute optimized"
d2.2xlarge,8.0,4.0,61.0,0,0.0,1.38,0.138,2.0,12288.0,"6 x 2000 HDD",High,"",2.4,"Storage optimized"
d2.4xlarge,16.0,8.0,122.0,0,0.0,2.76,0.2814,2.0,24576.0,"12 x 2000 HDD",High,"",2.4,"Storage optimized"
d2.8xlarge,36.0,18.0,244.0,0,0.0,5.52,0.5546,2.0,49152.0,"24 x 2000 HDD","10 Gigabit","",2.4,"Storage optimized"
d2.xlarge,4.0,2.0,30.5,0,0.0,0.69,0.069,2.0,6144.0,"3 x 2000 HDD",Moderate,"",2.4,"Storage optimized"
d3.2xlarge,8.0,4.0,64.0,0,0.0,0.999,0.3334,2.0,11880.0,"6 x 2000 HDD","Up to 15 Gigabit","",3.1,"Storage optimized"
d3.4xlarge,16.0,8.0,128.0,0,0.0,1.998,0.673,2.0,23760.0,"12 x 2000 HDD","Up to 15 Gigabit","",3.1,"Storage optimized"
d3.8xlarge,32.0,16.0,256.0,0,0.0,3.9955,1.2469,2.0,47520.0,"24 x 2000 HDD","25 Gigabit","",3.1,"Storage optimized"
d3.xlarge,4.0,2.0,32.0,0,0.0,0.499,0.1009,2.0,5940.0,"3 x 2000 HDD","Up to 15 Gigabit","",3.1,"Storage optimized"
d3en.12xlarge,48.0,24.0,192.0,0,0.0,6.3086,0.6309,2.0,335520.0,"24 x 14000 HDD","75 Gigabit","",3.1,"Storage optimized"
d3en.2xlarge,8.0,4.0,32.0,0,0.0,1.051,0.2811,2.0,55920.0,"4 x 14000 HDD","Up to 25 Gigabit","",3.1,"Storage optimized"
d3en.4xlarge,16.0,8.0,64.0,0,0.0,2.103,0.5991,2.0,111840.0,"8 x 14000 HDD","25 Gigabit","",3.1,"Storage optimized"
d3en.6xlarge,24.0,12.0,96.0,0,0.0,3.154,0.4806,2.0,167760.0,"12 x 14000 HDD","40 Gigabit","",3.1,"Storage optimized"
d3en.8xlarge,32.0,16.0,128.0,0,0.0,4.2058,1.036,2.0,223680.0,"16 x 14000 HDD","50 Gigabit","",3.1,"Storage optimized"
d3en.xlarge,4.0,2.0,16.0,0,0.0,0.526,0.0526,2.0,27960.0,"2 x 14000 HDD","Up to 25 Gigabit","",3.1,"Storage optimized"
dl1.24xlarge,96.0,48.0,768.0,8.0,256.0,13.109,1.3109,2.0,4000.0,"4 x 1000 GB NVMe SSD","4x 100 Gigabit","Gaudi HL-205",3.0,"Machine Learning ASIC Instances"
f1.16xlarge,64.0,32.0,976.0,0,0.0,13.2,1.3203,2.0,3760.0,"4 x 940 NVMe SSD","25 Gigabit","",2.3,"FPGA Instances"
f1.2xlarge,8.0,4.0,122.0,0,0.0,1.65,0.2523,2.0,470.0,"1 x 470 NVMe SSD","Up to 10 Gigabit","",2.3,"FPGA Instances"
f1.4xlarge,16.0,8.0,244.0,0,0.0,3.3,0.6117,2.0,940.0,"1 x 940 NVMe SSD","Up to 10 Gigabit","",2.3,"FPGA Instances"
f2.12xlarge,48.0,24.0,512.0,0,0.0,3.96,0.8666,2.0,1880.0,"2 x 950 NVMe SSD","25 Gigabit","",3.4,"FPGA Instances"
f2.48xlarge,192.0,96.0,2048.0,0,0.0,15.84,1.6048,2.0,7520.0,"8 x 950 NVMe SSD","100 Gigabit","",3.4,"FPGA Instances"
f2.6xlarge,24.0,12.0,256.0,0,0.0,1.98,0.0,2.0,940.0,"1 x 950 NVMe SSD","12.5 Gigabit","",3.4,"FPGA Instances"
g4ad.16xlarge,64.0,32.0,256.0,4.0,32.0,3.468,1.1764,2.0,2400.0,"2400 GB NVMe SSD","25 Gigabit","Radeon Pro V520",3.0,"GPU instance"
g4ad.2xlarge,8.0,4.0,32.0,1.0,8.0,0.5412,0.2212,2.0,300.0,"300 GB NVMe SSD","Up to 10 Gigabit","Radeon Pro V520",3.0,"GPU instance"
g4ad.4xlarge,16.0,8.0,64.0,1.0,8.0,0.867,0.4174,2.0,600.0,"600 GB NVMe SSD","Up to 10 Gigabit","Radeon Pro V520",3.0,"GPU instance"
g4ad.8xlarge,32.0,16.0,128.0,2.0,16.0,1.734,0.7064,2.0,1200.0,"1200 GB NVMe SSD","15 Gigabit","Radeon Pro V520",3.0,"GPU instance"
g4ad.xlarge,4.0,2.0,16.0,1.0,8.0,0.3785,0.1131,2.0,150.0,"150 GB NVMe SSD","Up to 10 Gigabit","Radeon Pro V520",3.0,"GPU instance"
g4dn.12xlarge,48.0,24.0,192.0,4.0,64.0,3.912,1.1768,2.0,900.0,"900 GB NVMe SSD","50 Gigabit",T4,2.5,"GPU instance"
g4dn.16xlarge,64.0,32.0,256.0,1.0,16.0,4.352,0.9957,2.0,900.0,"900 GB NVMe SSD","50 Gigabit",T4,2.5,"GPU instance"
g4dn.2xlarge,8.0,4.0,32.0,1.0,16.0,0.752,0.2972,2.0,225.0,"225 GB NVMe SSD","Up to 25 Gigabit",T4,2.5,"GPU instance"
g4dn.4xlarge,16.0,8.0,64.0,1.0,16.0,1.204,0.3472,2.0,225.0,"225 GB NVMe SSD","Up to 25 Gigabit",T4,2.5,"GPU instance"
g4dn.8xlarge,32.0,16.0,128.0,1.0,16.0,2.176,0.7627,2.0,900.0,"900 GB NVMe SSD","50 Gigabit",T4,2.5,"GPU instance"
g4dn.metal,96.0,48.0,384.0,8.0,128.0,7.824,3.3428,2.0,1800.0,"2 x 900 GB NVMe SSD","100 Gigabit",T4,2.5,"GPU instance"
g4dn.xlarge,4.0,2.0,16.0,1.0,16.0,0.526,0.1619,2.0,125.0,"125 GB NVMe SSD","Up to 25 Gigabit",T4,2.5,"GPU instance"
g5.12xlarge,48.0,24.0,192.0,4.0,89.0,5.672,1.9148,2.0,3800.0,"1 x 3800 GB NVMe SSD","40 Gigabit",A10G,3.3,"GPU instance"
g5.16xlarge,64.0,32.0,256.0,1.0,22.0,4.096,1.6325,2.0,1900.0,"1 x 1900 GB NVMe SSD","25 Gigabit",A10G,3.3,"GPU instance"
g5.24xlarge,96.0,48.0,384.0,4.0,89.0,8.144,3.3506,2.0,3800.0,"1 x 3800 GB NVMe SSD","50 Gigabit",A10G,3.3,"GPU instance"
g5.2xlarge,8.0,4.0,32.0,1.0,22.0,1.212,0.4227,2.0,450.0,"1 x 450 GB NVMe SSD","Up to 10 Gigabit",A10G,3.3,"GPU instance"
g5.48xlarge,192.0,96.0,768.0,8.0,178.0,16.288,1.6592,2.0,7600.0,"2 x 3800 GB NVMe SSD","100 Gigabit",A10G,3.3,"GPU instance"
g5.4xlarge,16.0,8.0,64.0,1.0,22.0,1.624,0.621,2.0,600.0,"1 x 600 GB NVMe SSD","Up to 25 Gigabit",A10G,3.3,"GPU instance"
g5.8xlarge,32.0,16.0,128.0,1.0,22.0,2.448,0.9488,2.0,900.0,"1 x 900 GB NVMe SSD","25 Gigabit",A10G,3.3,"GPU instance"
g5.xlarge,4.0,2.0,16.0,1.0,22.0,1.006,0.3607,2.0,250.0,"1 x 250 GB NVMe SSD","Up to 10 Gigabit",A10G,3.3,"GPU instance"
g5g.16xlarge,64.0,64.0,128.0,2.0,32.0,2.744,0.2744,1.0,0.0,"EBS only","25 Gigabit",T4g,2.5,"GPU instance"
g5g.2xlarge,8.0,8.0,16.0,1.0,16.0,0.556,0.2372,1.0,0.0,"EBS only","Up to 10 Gigabit",T4g,2.5,"GPU instance"
g5g.4xlarge,16.0,16.0,32.0,1.0,16.0,0.828,0.2431,1.0,0.0,"EBS only","Up to 10 Gigabit",T4g,2.5,"GPU instance"
g5g.8xlarge,32.0,32.0,64.0,1.0,16.0,1.372,0.58,1.0,0.0,"EBS only","12 Gigabit",T4g,2.5,"GPU instance"
g5g.metal,64.0,64.0,128.0,2.0,32.0,2.744,0.2744,1.0,0.0,"EBS only","25 Gigabit",T4g,2.5,"GPU instance"
g5g.xlarge,4.0,4.0,8.0,1.0,16.0,0.42,0.0982,1.0,0.0,"EBS only","Up to 10 Gigabit",T4g,2.5,"GPU instance"
g6.12xlarge,48.0,24.0,192.0,4.0,89.0,4.6016,1.9028,2.0,3760.0,"4 X 940 GB NVMe SSD","40 Gigabit",L4,3.4,"GPU instance"
g6.16xlarge,64.0,32.0,256.0,1.0,22.0,3.3968,1.07,2.0,1880.0,"2 x 940 GB NVMe SSD","25 Gigabit",L4,3.4,"GPU instance"
g6.24xlarge,96.0,48.0,384.0,4.0,89.0,6.6752,2.3091,2.0,3760.0,"4 X 940 GB NVMe SSD","50 Gigabit",L4,3.4,"GPU instance"
g6.2xlarge,8.0,4.0,32.0,1.0,22.0,0.9776,0.4013,2.0,450.0,"1 x 450 GB NVMe SSD","Up to 10 Gigabit",L4,3.4,"GPU instance"
g6.48xlarge,192.0,96.0,768.0,8.0,178.0,13.3504,2.5693,2.0,7520.0,"8 x 940 NVMe SSD","100 Gigabit",L4,3.4,"GPU instance"
g6.4xlarge,16.0,8.0,64.0,1.0,22.0,1.3232,0.5054,2.0,600.0,"1 x 600 GB NVMe SSD","Up to 25 Gigabit",L4,3.4,"GPU instance"
g6.8xlarge,32.0,16.0,128.0,1.0,22.0,2.0144,0.8586,2.0,900.0,"2 x 450 GB NVMe SSD","25 Gigabit",L4,3.4,"GPU instance"
g6.xlarge,4.0,2.0,16.0,1.0,22.0,0.8048,0.337,2.0,250.0,"1 x 250 GB NVMe SSD","Up to 10 Gigabit",L4,3.4,"GPU instance"
g6e.12xlarge,48.0,24.0,384.0,4.0,178.0,10.4926,4.2637,2.0,3800.0,"2 x 1900 GB NVMe SSD","100 Gigabit",L40S,3.4,"GPU instance"
g6e.16xlarge,64.0,32.0,512.0,1.0,44.0,7.5772,2.0778,2.0,1900.0,"1 x 1900 GB NVMe SSD","35 Gigabit",L40S,3.4,"GPU instance"
g6e.24xlarge,96.0,48.0,768.0,4.0,178.0,15.0656,4.1846,2.0,3800.0,"2 x 1900 GB NVMe SSD","200 Gigabit",L40S,3.4,"GPU instance"
g6e.2xlarge,8.0,4.0,64.0,1.0,44.0,2.2421,0.879,2.0,450.0,"1 x 450 GB NVMe SSD","Up to 20 Gigabit",L40S,3.4,"GPU instance"
g6e.48xlarge,192.0,96.0,1536.0,8.0,357.0,30.1312,5.0968,2.0,7600.0,"4 x 1900 GB NVMe SSD","400 Gigabit",L40S,3.4,"GPU instance"
g6e.4xlarge,16.0,8.0,128.0,1.0,44.0,3.0042,1.0701,2.0,600.0,"1 x 600 GB NVMe SSD","20 Gigabit",L40S,3.4,"GPU instance"
g6e.8xlarge,32.0,16.0,256.0,1.0,44.0,4.5286,1.6499,2.0,900.0,"1 x 900 GB NVMe SSD","25 Gigabit",L40S,3.4,"GPU instance"
g6e.xlarge,4.0,2.0,32.0,1.0,44.0,1.861,0.6864,2.0,250.0,"1 x 250 GB NVMe SSD","Up to 20 Gigabit",L40S,3.4,"GPU instance"
gr6.4xlarge,16.0,8.0,128.0,1.0,22.0,1.5392,0.5808,2.0,600.0,"1 x 600 GB NVMe SSD","Up to 25 Gigabit",L4,3.4,"GPU instance"
gr6.8xlarge,32.0,16.0,256.0,1.0,22.0,2.4464,0.9089,2.0,900.0,"2 x 450 GB NVMe SSD","25 Gigabit",L4,3.4,"GPU instance"
h1.16xlarge,64.0,32.0,256.0,0,0.0,3.744,0.8423,2.0,16000.0,"8 x 2000 HDD","25 Gigabit","",2.3,"Storage optimized"
h1.2xlarge,8.0,4.0,32.0,0,0.0,0.468,0.1867,2.0,2000.0,"1 x 2000 HDD","Up to 10 Gigabit","",2.3,"Storage optimized"
h1.4xlarge,16.0,8.0,64.0,0,0.0,0.936,0.1759,2.0,4000.0,"2 x 2000 HDD","Up to 10 Gigabit","",2.3,"Storage optimized"
h1.8xlarge,32.0,16.0,128.0,0,0.0,1.872,0.5437,2.0,8000.0,"4 x 2000 HDD","10 Gigabit","",2.3,"Storage optimized"
hpc7g.16xlarge,64.0,64.0,128.0,0,0.0,1.6832,0.0,1.0,0.0,"EBS only","200 Gigabit","",2.6,"Compute optimized"
hpc7g.4xlarge,16.0,16.0,128.0,0,0.0,1.6832,0.0,1.0,0.0,"EBS only","200 Gigabit","",2.6,"Compute optimized"
hpc7g.8xlarge,32.0,32.0,128.0,0,0.0,1.6832,0.0,1.0,0.0,"EBS only","200 Gigabit","",2.6,"Compute optimized"
i2.2xlarge,8.0,4.0,61.0,0,0.0,1.705,0.1705,2.0,1600.0,"2 x 800 SSD",High,"",2.5,"Storage optimized"
i2.4xlarge,16.0,8.0,122.0,0,0.0,3.41,0.5179,2.0,3200.0,"4 x 800 SSD",High,"",2.5,"Storage optimized"
i2.8xlarge,32.0,16.0,244.0,0,0.0,6.82,0.682,2.0,6400.0,"8 x 800 SSD","10 Gigabit","",2.5,"Storage optimized"
i2.xlarge,4.0,2.0,30.5,0,0.0,0.853,0.0853,2.0,800.0,"1 x 800 SSD",Moderate,"",2.5,"Storage optimized"
i3.16xlarge,64.0,32.0,488.0,0,0.0,4.992,1.5937,2.0,15200.0,"8 x 1900 NVMe SSD","25 Gigabit","",2.3,"Storage optimized"
i3.2xlarge,8.0,4.0,61.0,0,0.0,0.624,0.2728,2.0,1900.0,"1 x 1900 NVMe SSD","Up to 10 Gigabit","",2.3,"Storage optimized"
i3.4xlarge,16.0,8.0,122.0,0,0.0,1.248,0.4475,2.0,3800.0,"2 x 1900 NVMe SSD","Up to 10 Gigabit","",2.3,"Storage optimized"
i3.8xlarge,32.0,16.0,244.0,0,0.0,2.496,0.7389,2.0,7600.0,"4 x 1900 NVMe SSD","10 Gigabit","",2.3,"Storage optimized"
i3.large,2.0,1.0,15.25,0,0.0,0.156,0.016,2.0,475.0,"1 x 475 NVMe SSD","Up to 10 Gigabit","",2.3,"Storage optimized"
i3.metal,72.0,36.0,512.0,0,0.0,4.992,0.5019,2.0,15200.0,"8 x 1900 NVMe SSD","25 Gigabit","",2.3,"Storage optimized"
i3.xlarge,4.0,2.0,30.5,0,0.0,0.312,0.1156,2.0,950.0,"1 x 950 NVMe SSD","Up to 10 Gigabit","",2.3,"Storage optimized"
i3en.12xlarge,48.0,24.0,384.0,0,0.0,5.424,1.8221,2.0,30000.0,"4 x 7500 NVMe SSD","50 Gigabit","",3.1,"Storage optimized"
i3en.24xlarge,96.0,48.0,768.0,0,0.0,10.848,1.6916,2.0,60000.0,"8 x 7500 NVMe SSD","100 Gigabit","",3.1,"Storage optimized"
i3en.2xlarge,8.0,4.0,64.0,0,0.0,0.904,0.2976,2.0,5000.0,"2 x 2500 NVMe SSD","Up to 25 Gigabit","",3.1,"Storage optimized"
i3en.3xlarge,12.0,6.0,96.0,0,0.0,1.356,0.3897,2.0,7500.0,"1 x 7500 NVMe SSD","Up to 25 Gigabit","",3.1,"Storage optimized"
i3en.6xlarge,24.0,12.0,192.0,0,0.0,2.712,0.6841,2.0,15000.0,"2 x 7500 NVMe SSD","25 Gigabit","",3.1,"Storage optimized"
i3en.large,2.0,1.0,16.0,0,0.0,0.226,0.0306,2.0,1250.0,"1 x 1250 NVMe SSD","Up to 25 Gigabit","",3.1,"Storage optimized"
i3en.metal,96.0,48.0,768.0,0,0.0,10.848,1.0848,2.0,60000.0,"8 x 7500 NVMe SSD","100 Gigabit","",3.1,"Storage optimized"
i3en.xlarge,4.0,2.0,32.0,0,0.0,0.452,0.1187,2.0,2500.0,"1 x 2500 NVMe SSD","Up to 25 Gigabit","",3.1,"Storage optimized"
i4g.16xlarge,64.0,64.0,512.0,0,0.0,4.9421,0.6209,1.0,15000.0,"4 x 3750 SSD","37.5 Gigabit","",2.5,"Storage optimized"
i4g.2xlarge,8.0,8.0,64.0,0,0.0,0.6178,0.1591,1.0,1875.0,"1 x 1875 SSD","Up to 12 Gigabit","",2.5,"Storage optimized"
i4g.4xlarge,16.0,16.0,128.0,0,0.0,1.2355,0.4163,1.0,3750.0,"1 x 3750 SSD","Up to 25 Gigabit","",2.5,"Storage optimized"
i4g.8xlarge,32.0,32.0,256.0,0,0.0,2.471,0.9047,1.0,7500.0,"2 x 3750 SSD","18.75 Gigabit","",2.5,"Storage optimized"
i4g.large,2.0,2.0,16.0,0,0.0,0.1544,0.0487,1.0,468.0,"1 x 468 SSD","Up to 10 Gigabit","",2.5,"Storage optimized"
i4g.xlarge,4.0,4.0,32.0,0,0.0,0.3089,0.0884,1.0,937.0,"1 x 937 SSD","Up to 10 Gigabit","",2.5,"Storage optimized"
i4i.12xlarge,48.0,24.0,384.0,0,0.0,4.118,1.3671,2.0,11250.0,"3 x 3750 NVMe SSD","28.12 Gigabit","",3.5,"Storage optimized"
i4i.16xlarge,64.0,32.0,512.0,0,0.0,5.491,1.6613,2.0,15000.0,"4 x 3750 NVMe SSD","37.5 Gigabit","",3.5,"Storage optimized"
i4i.24xlarge,96.0,48.0,768.0,0,0.0,8.2368,1.9259,2.0,22500.0,"6 x 3750 NVMe SSD","56.25 Gigabit","",3.5,"Storage optimized"
i4i.2xlarge,8.0,4.0,64.0,0,0.0,0.686,0.2325,2.0,1875.0,"1 x 1875 NVMe SSD","Up to 12 Gigabit","",3.5,"Storage optimized"
i4i.32xlarge,128.0,64.0,1024.0,0,0.0,10.9824,3.0036,2.0,30000.0,"8 x 3750 SSD","75 Gigabit","",3.5,"Storage optimized"
i4i.4xlarge,16.0,8.0,128.0,0,0.0,1.373,0.626,2.0,3750.0,"1 x 3750 NVMe SSD","Up to 25 Gigabit","",3.5,"Storage optimized"
i4i.8xlarge,32.0,16.0,256.0,0,0.0,2.746,1.1303,2.0,7500.0,"2 x 3750 NVMe SSD","18.75 Gigabit","",3.5,"Storage optimized"
i4i.large,2.0,1.0,16.0,0,0.0,0.172,0.039,2.0,468.0,"1 x 468 NVMe SSD","Up to 10 Gigabit","",3.5,"Storage optimized"
i4i.metal,128.0,64.0,1024.0,0,0.0,10.982,1.0982,2.0,30000.0,"8 x 3750 NVMe SSD","75 Gigabit","",3.5,"Storage optimized"
i4i.xlarge,4.0,2.0,32.0,0,0.0,0.343,0.1134,2.0,937.0,"1 x 937 NVMe SSD","Up to 10 Gigabit","",3.5,"Storage optimized"
i7ie.12xlarge,48.0,24.0,384.0,0,0.0,6.2376,2.3095,2.0,30000.0,"4 x 7500 NVMe SSD","Up to 50 Gigabit","",3.6,"Storage optimized"
i7ie.18xlarge,72.0,36.0,576.0,0,0.0,9.3564,2.672,2.0,45000.0,"6 x 7500 NVMe SSD","Up to 75 Gigabit","",3.6,"Storage optimized"
i7ie.24xlarge,96.0,48.0,768.0,0,0.0,12.4752,3.5466,2.0,60000.0,"8 x 7500 NVMe SSD","Up to 100 Gigabit","",3.6,"Storage optimized"
i7ie.2xlarge,8.0,4.0,64.0,0,0.0,1.0396,0.2998,2.0,5000.0,"2 x 2500 NVMe SSD","Up to 25 Gigabit","",3.6,"Storage optimized"
i7ie.3xlarge,12.0,6.0,96.0,0,0.0,1.5594,0.3791,2.0,7500.0,"1 x 7500 NVMe SSD","Up to 25 Gigabit","",3.6,"Storage optimized"
i7ie.48xlarge,192.0,96.0,1536.0,0,0.0,24.9504,10.883,2.0,120000.0,"16 x 7500 NVMe SSD","100 Gigabit","",3.6,"Storage optimized"
i7ie.6xlarge,24.0,12.0,192.0,0,0.0,3.1188,1.1294,2.0,15000.0,"2 x 7500 NVMe SSD","Up to 25 Gigabit","",3.6,"Storage optimized"
i7ie.large,2.0,1.0,16.0,0,0.0,0.2599,0.0304,2.0,1250.0,"1 x 1250 NVMe SSD","Up to 25 Gigabit","",3.6,"Storage optimized"
i7ie.metal-24xl,96.0,48.0,768.0,0,0.0,12.4752,1.2475,2.0,60000.0,"8 x 7500 NVMe SSD","Up to 100 Gigabit","",3.6,"Storage optimized"
i7ie.metal-48xl,192.0,96.0,1536.0,0,0.0,24.9504,2.495,2.0,120000.0,"16 x 7500 NVMe SSD","100 Gigabit","",3.6,"Storage optimized"
i7ie.xlarge,4.0,2.0,32.0,0,0.0,0.5198,0.1436,2.0,2500.0,"1 x 2500 NVMe SSD","Up to 25 Gigabit","",3.6,"Storage optimized"
i8g.12xlarge,48.0,48.0,384.0,0,0.0,4.1184,0.6737,1.0,11250.0,"3 x 3750GB","Up to 28.12 Gigabit","",2.8,"Storage optimized"
i8g.16xlarge,64.0,64.0,512.0,0,0.0,5.4912,0.8412,1.0,15000.0,"4 x 3750GB","Up to 37.5 Gigabit","",2.8,"Storage optimized"
i8g.24xlarge,96.0,96.0,768.0,0,0.0,8.2368,1.2879,1.0,22500.0,"6 x 3750GB","Up to 56.25 Gigabit","",2.8,"Storage optimized"
i8g.2xlarge,8.0,8.0,64.0,0,0.0,0.6864,0.1473,1.0,1875.0,"1 x 1875GB","Up to 12 Gigabit","",2.8,"Storage optimized"
i8g.48xlarge,192.0,192.0,1536.0,0,0.0,16.4736,0.0,1.0,45000.0,"12 x 3750GB","Up to 100 Gigabit","",2.8,"Storage optimized"
i8g.4xlarge,16.0,16.0,128.0,0,0.0,1.3728,0.189,1.0,3750.0,"1 x 3750GB","Up to 25 Gigabit","",2.8,"Storage optimized"
i8g.8xlarge,32.0,32.0,256.0,0,0.0,2.7456,0.6659,1.0,7500.0,"2 x 3750GB","Up to 25 Gigabit","",2.8,"Storage optimized"
i8g.large,2.0,2.0,16.0,0,0.0,0.1716,0.0519,1.0,468.0,"1 x 468GB","Up to 10 Gigabit","",2.8,"Storage optimized"
i8g.metal-24xl,96.0,96.0,768.0,0,0.0,8.2368,0.8237,1.0,22500.0,"6 x 3750GB","Up to 56.25 Gigabit","",2.8,"Storage optimized"
i8g.xlarge,4.0,4.0,32.0,0,0.0,0.3432,0.0769,1.0,937.0,"1 x 937GB","Up to 10 Gigabit","",2.8,"Storage optimized"
im4gn.16xlarge,64.0,64.0,256.0,0,0.0,5.8207,0.5876,1.0,30000.0,"4 x 7500 SSD","100 Gigabit","",2.5,"Storage optimized"
im4gn.2xlarge,8.0,8.0,32.0,0,0.0,0.7276,0.1719,1.0,3750.0,"1 x 3750 SSD","Up to 25 Gigabit","",2.5,"Storage optimized"
im4gn.4xlarge,16.0,16.0,64.0,0,0.0,1.4552,0.1501,1.0,7500.0,"1 x 7500 SSD","25 Gigabit","",2.5,"Storage optimized"
im4gn.8xlarge,32.0,32.0,128.0,0,0.0,2.9103,0.291,1.0,15000.0,"2 x 7500 SSD","50 Gigabit","",2.5,"Storage optimized"
im4gn.large,2.0,2.0,8.0,0,0.0,0.1819,0.0514,1.0,937.0,"1 x 937 SSD","Up to 25 Gigabit","",2.5,"Storage optimized"
im4gn.xlarge,4.0,4.0,16.0,0,0.0,0.3638,0.0841,1.0,1875.0,"1 x 1875 SSD","Up to 25 Gigabit","",2.5,"Storage optimized"
inf1.24xlarge,96.0,48.0,192.0,0,0.0,4.721,0.769,2.0,0.0,"EBS only","100 Gigabit","",2.5,"Machine Learning ASIC Instances"
inf1.2xlarge,8.0,4.0,16.0,0,0.0,0.362,0.0826,2.0,0.0,"EBS only","Up to 25 Gigabit","",2.5,"Machine Learning ASIC Instances"
inf1.6xlarge,24.0,12.0,48.0,0,0.0,1.18,0.2889,2.0,0.0,"EBS only","25 Gigabit","",2.5,"Machine Learning ASIC Instances"
inf1.xlarge,4.0,2.0,8.0,0,0.0,0.228,0.0498,2.0,0.0,"EBS only","Up to 25 Gigabit","",2.5,"Machine Learning ASIC Instances"
inf2.24xlarge,96.0,48.0,384.0,0,0.0,6.4906,1.2588,2.0,0.0,"EBS only","50 Gigabit","",3.6,"Machine Learning ASIC Instances"
inf2.48xlarge,192.0,96.0,768.0,0,0.0,12.9813,1.2981,2.0,0.0,"EBS only","100 Gigabit","",3.6,"Machine Learning ASIC Instances"
inf2.8xlarge,32.0,16.0,128.0,0,0.0,1.9679,0.4262,2.0,0.0,"EBS only","Up to 25 Gigabit","",3.6,"Machine Learning ASIC Instances"
inf2.xlarge,4.0,2.0,16.0,0,0.0,0.7582,0.1257,2.0,0.0,"EBS only","Up to 15 Gigabit","",3.6,"Machine Learning ASIC Instances"
is4gen.2xlarge,8.0,8.0,48.0,0,0.0,1.1526,0.3177,1.0,7500.0,"1 x 7500 SSD","Up to 25 Gigabit","",2.5,"Storage optimized"
is4gen.4xlarge,16.0,16.0,96.0,0,0.0,2.3052,0.6758,1.0,15000.0,"2 x 7500 SSD","25 Gigabit","",2.5,"Storage optimized"
is4gen.8xlarge,32.0,32.0,192.0,0,0.0,4.6104,0.461,1.0,30000.0,"4 x 7500 SSD","50 Gigabit","",2.5,"Storage optimized"
is4gen.large,2.0,2.0,12.0,0,0.0,0.2882,0.0752,1.0,1875.0,"1 x 1875 SSD","Up to 25 Gigabit","",2.5,"Storage optimized"
is4gen.medium,1.0,1.0,6.0,0,0.0,0.1441,0.0144,1.0,937.0,"1 x 937 SSD","Up to 25 Gigabit","",2.5,"Storage optimized"
is4gen.xlarge,4.0,4.0,24.0,0,0.0,0.5763,0.1516,1.0,3750.0,"1 x 3750 SSD","Up to 25 Gigabit","",2.5,"Storage optimized"
m1.large,2.0,2.0,7.5,0,0.0,0.175,0.0361,1.0,840.0,"2 x 420 SSD",Moderate,"",0.0,"General purpose"
m1.medium,1.0,1.0,3.7,0,0.0,0.087,0.0089,1.0,410.0,"1 x 410 SSD",Moderate,"",0.0,"General purpose"
m1.small,1.0,1.0,1.7,0,0.0,0.044,0.0044,1.0,160.0,"1 x 160 SSD",Low,"",0.0,"General purpose"
m1.xlarge,4.0,4.0,15.0,0,0.0,0.35,0.0874,1.0,1680.0,"4 x 420 SSD",High,"",0.0,"General purpose"
m2.2xlarge,4.0,4.0,34.2,0,0.0,0.49,0.0834,1.0,850.0,"1 x 850 SSD",Moderate,"",0.0,"Memory optimized"
m2.4xlarge,8.0,8.0,68.4,0,0.0,0.98,0.2304,1.0,1680.0,"2 x 840 SSD",High,"",0.0,"Memory optimized"
m2.xlarge,2.0,2.0,17.1,0,0.0,0.245,0.0543,1.0,420.0,"1 x 420 SSD",Moderate,"",0.0,"Memory optimized"
m3.2xlarge,8.0,4.0,30.0,0,0.0,0.532,0.1632,2.0,160.0,"2 x 80 SSD",High,"",2.5,"General purpose"
m3.large,2.0,1.0,7.5,0,0.0,0.133,0.0322,2.0,32.0,"1 x 32 SSD",Moderate,"",2.5,"General purpose"
m3.medium,1.0,1.0,3.75,0,0.0,0.067,0.0104,1.0,4.0,"1 x 4 SSD",Moderate,"",2.5,"General purpose"
m3.xlarge,4.0,2.0,15.0,0,0.0,0.266,0.0787,2.0,80.0,"2 x 40 SSD",High,"",2.5,"General purpose"
m4.10xlarge,40.0,20.0,160.0,0,0.0,2.0,0.4184,2.0,0.0,"EBS only","10 Gigabit","",2.4,"General purpose"
m4.16xlarge,64.0,32.0,256.0,0,0.0,3.2,1.0341,2.0,0.0,"EBS only","25 Gigabit","",2.3,"General purpose"
m4.2xlarge,8.0,4.0,32.0,0,0.0,0.4,0.145,2.0,0.0,"EBS only",High,"",2.4,"General purpose"
m4.4xlarge,16.0,8.0,64.0,0,0.0,0.8,0.2243,2.0,0.0,"EBS only",High,"",2.4,"General purpose"
m4.large,2.0,1.0,8.0,0,0.0,0.1,0.0328,2.0,0.0,"EBS only",Moderate,"",2.4,"General purpose"
m4.xlarge,4.0,2.0,16.0,0,0.0,0.2,0.0668,2.0,0.0,"EBS only",High,"",2.4,"General purpose"
m5.12xlarge,48.0,24.0,192.0,0,0.0,2.304,0.6153,2.0,0.0,"EBS only","12 Gigabit","",3.1,"General purpose"
m5.16xlarge,64.0,32.0,256.0,0,0.0,3.072,0.7162,2.0,0.0,"EBS only","20 Gigabit","",3.1,"General purpose"
m5.24xlarge,96.0,48.0,384.0,0,0.0,4.608,1.1174,2.0,0.0,"EBS only","25 Gigabit","",3.1,"General purpose"
m5.2xlarge,8.0,4.0,32.0,0,0.0,0.384,0.1482,2.0,0.0,"EBS only","Up to 10 Gigabit","",3.1,"General purpose"
m5.4xlarge,16.0,8.0,64.0,0,0.0,0.768,0.2767,2.0,0.0,"EBS only","Up to 10 Gigabit","",3.1,"General purpose"
m5.8xlarge,32.0,16.0,128.0,0,0.0,1.536,0.4257,2.0,0.0,"EBS only","10 Gigabit","",3.1,"General purpose"
m5.large,2.0,1.0,8.0,0,0.0,0.096,0.0294,2.0,0.0,"EBS only","Up to 10 Gigabit","",3.1,"General purpose"
m5.metal,96.0,48.0,384.0,0,0.0,4.608,0.6023,2.0,0.0,"EBS only","25 Gigabit","",3.1,"General purpose"
m5.xlarge,4.0,2.0,16.0,0,0.0,0.192,0.0632,2.0,0.0,"EBS only","Up to 10 Gigabit","",3.1,"General purpose"
m5a.12xlarge,48.0,24.0,192.0,0,0.0,2.064,0.4774,2.0,0.0,"EBS only","10 Gigabit","",2.5,"General purpose"
m5a.16xlarge,64.0,32.0,256.0,0,0.0,2.752,0.8935,2.0,0.0,"EBS only","12 Gigabit","",2.5,"General purpose"
m5a.24xlarge,96.0,48.0,384.0,0,0.0,4.128,1.2779,2.0,0.0,"EBS only","20 Gigabit","",2.5,"General purpose"
m5a.2xlarge,8.0,4.0,32.0,0,0.0,0.344,0.1586,2.0,0.0,"EBS only","Up to 10 Gigabit","",2.5,"General purpose"
m5a.4xlarge,16.0,8.0,64.0,0,0.0,0.688,0.2746,2.0,0.0,"EBS only","Up to 10 Gigabit","",2.5,"General purpose"
m5a.8xlarge,32.0,16.0,128.0,0,0.0,1.376,0.3643,2.0,0.0,"EBS only","Up to 10 Gigabit","",2.5,"General purpose"
m5a.large,2.0,1.0,8.0,0,0.0,0.086,0.0295,2.0,0.0,"EBS only","Up to 10 Gigabit","",2.5,"General purpose"
m5a.xlarge,4.0,2.0,16.0,0,0.0,0.172,0.0771,2.0,0.0,"EBS only","Up to 10 Gigabit","",2.5,"General purpose"
m5ad.12xlarge,48.0,24.0,192.0,0,0.0,2.472,0.9039,2.0,1800.0,"2 x 900 NVMe SSD","10 Gigabit","",2.2,"General purpose"
m5ad.16xlarge,64.0,32.0,256.0,0,0.0,3.296,1.3276,2.0,2400.0,"4 x 600 NVMe SSD","12 Gigabit","",2.5,"General purpose"
m5ad.24xlarge,96.0,48.0,384.0,0,0.0,4.944,3.1286,2.0,3600.0,"4 x 900 NVMe SSD","20 Gigabit","",2.2,"General purpose"
m5ad.2xlarge,8.0,4.0,32.0,0,0.0,0.412,0.2549,2.0,300.0,"1 x 300 NVMe SSD","Up to 10 Gigabit","",2.2,"General purpose"
m5ad.4xlarge,16.0,8.0,64.0,0,0.0,0.824,0.4157,2.0,600.0,"2 x 300 NVMe SSD","Up to 10 Gigabit","",2.2,"General purpose"
m5ad.8xlarge,32.0,16.0,128.0,0,0.0,1.648,0.6994,2.0,1200.0,"2 x 600 NVMe SSD","Up to 10 Gigabit","",2.5,"General purpose"
m5ad.large,2.0,1.0,8.0,0,0.0,0.103,0.0416,2.0,75.0,"1 x 75 NVMe SSD","Up to 10 Gigabit","",2.2,"General purpose"
m5ad.xlarge,4.0,2.0,16.0,0,0.0,0.206,0.1097,2.0,150.0,"1 x 150 NVMe SSD","Up to 10 Gigabit","",2.2,"General purpose"
m5d.12xlarge,48.0,24.0,192.0,0,0.0,2.712,1.0477,2.0,1800.0,"2 x 900 NVMe SSD","12 Gigabit","",3.1,"General purpose"
m5d.16xlarge,64.0,32.0,256.0,0,0.0,3.616,1.3537,2.0,2400.0,"4 x 600 NVMe SSD","20 Gigabit","",3.1,"General purpose"
m5d.24xlarge,96.0,48.0,384.0,0,0.0,5.424,2.5878,2.0,3600.0,"4 x 900 NVMe SSD","25 Gigabit","",3.1,"General purpose"
m5d.2xlarge,8.0,4.0,32.0,0,0.0,0.452,0.2492,2.0,300.0,"1 x 300 NVMe SSD","Up to 10 Gigabit","",3.1,"General purpose"
m5d.4xlarge,16.0,8.0,64.0,0,0.0,0.904,0.3891,2.0,600.0,"2 x 300 NVMe SSD","Up to 10 Gigabit","",3.1,"General purpose"
m5d.8xlarge,32.0,16.0,128.0,0,0.0,1.808,0.7894,2.0,1200.0,"2 x 600 NVMe SSD","10 Gigabit","",3.1,"General purpose"
m5d.large,2.0,1.0,8.0,0,0.0,0.113,0.04,2.0,75.0,"1 x 75 NVMe SSD","Up to 10 Gigabit","",3.1,"General purpose"
m5d.metal,96.0,48.0,384.0,0,0.0,5.424,1.0981,2.0,3600.0,"4 x 900 NVMe SSD","25 Gigabit","",3.1,"General purpose"
m5d.xlarge,4.0,2.0,16.0,0,0.0,0.226,0.1004,2.0,150.0,"1 x 150 NVMe SSD","Up to 10 Gigabit","",3.1,"General purpose"
m5dn.12xlarge,48.0,24.0,192.0,0,0.0,3.264,0.7399,2.0,1800.0,"2 x 900 GB NVMe SSD","50 Gigabit","",3.1,"General purpose"
m5dn.16xlarge,64.0,32.0,256.0,0,0.0,4.352,1.2458,2.0,2400.0,"4 x 600 NVMe SSD","75 Gigabit","",3.1,"General purpose"
m5dn.24xlarge,96.0,48.0,384.0,0,0.0,6.528,2.2529,2.0,3600.0,"4 x 900 NVMe SSD","100 Gigabit","",3.1,"General purpose"
m5dn.2xlarge,8.0,4.0,32.0,0,0.0,0.544,0.2446,2.0,300.0,"1 x 300 NVMe SSD","Up to 25 Gigabit","",3.1,"General purpose"
m5dn.4xlarge,16.0,8.0,64.0,0,0.0,1.088,0.4881,2.0,600.0,"2 x 300 NVMe SSD","Up to 25 Gigabit","",3.1,"General purpose"
m5dn.8xlarge,32.0,16.0,128.0,0,0.0,2.176,0.8762,2.0,1200.0,"2 x 600 NVMe SSD","25 Gigabit","",3.1,"General purpose"
m5dn.large,2.0,1.0,8.0,0,0.0,0.136,0.0392,2.0,75.0,"1 x 75 NVMe SSD","Up to 25 Gigabit","",3.1,"General purpose"
m5dn.metal,96.0,48.0,384.0,0,0.0,6.528,0.6528,2.0,3600.0,"4 x 900 NVMe SSD","100 Gigabit","",3.1,"General purpose"
m5dn.xlarge,4.0,2.0,16.0,0,0.0,0.272,0.0969,2.0,150.0,"1 x 150 NVMe SSD","Up to 25 Gigabit","",3.1,"General purpose"
m5n.12xlarge,48.0,24.0,192.0,0,0.0,2.856,1.1023,2.0,0.0,"EBS only","50 Gigabit","",3.1,"General purpose"
m5n.16xlarge,64.0,32.0,256.0,0,0.0,3.808,1.3194,2.0,0.0,"EBS only","75 Gigabit","",3.1,"General purpose"
m5n.24xlarge,96.0,48.0,384.0,0,0.0,5.712,1.7832,2.0,0.0,"EBS only","100 Gigabit","",3.1,"General purpose"
m5n.2xlarge,8.0,4.0,32.0,0,0.0,0.476,0.2482,2.0,0.0,"EBS only","Up to 25 Gigabit","",3.1,"General purpose"
m5n.4xlarge,16.0,8.0,64.0,0,0.0,0.952,0.4203,2.0,0.0,"EBS only","Up to 25 Gigabit","",3.1,"General purpose"
m5n.8xlarge,32.0,16.0,128.0,0,0.0,1.904,0.8015,2.0,0.0,"EBS only","25 Gigabit","",3.1,"General purpose"
m5n.large,2.0,1.0,8.0,0,0.0,0.119,0.0447,2.0,0.0,"EBS only","Up to 25 Gigabit","",3.1,"General purpose"
m5n.metal,96.0,48.0,384.0,0,0.0,5.712,1.4486,2.0,0.0,"EBS only","100 Gigabit","",3.1,"General purpose"
m5n.xlarge,4.0,2.0,16.0,0,0.0,0.238,0.0758,2.0,0.0,"EBS only","Up to 25 Gigabit","",3.1,"General purpose"
m5zn.12xlarge,48.0,24.0,192.0,0,0.0,3.9641,1.7569,2.0,0.0,"EBS only","100 Gigabit","",4.5,"General purpose"
m5zn.2xlarge,8.0,4.0,32.0,0,0.0,0.6607,0.2613,2.0,0.0,"EBS only","Up to 25 Gigabit","",4.5,"General purpose"
m5zn.3xlarge,12.0,6.0,48.0,0,0.0,0.991,0.5562,2.0,0.0,"EBS only","Up to 25 Gigabit","",4.5,"General purpose"
m5zn.6xlarge,24.0,12.0,96.0,0,0.0,1.982,1.0055,2.0,0.0,"EBS only","50 Gigabit","",4.5,"General purpose"
m5zn.large,2.0,1.0,8.0,0,0.0,0.1652,0.045,2.0,0.0,"EBS only","Up to 25 Gigabit","",4.5,"General purpose"
m5zn.metal,48.0,24.0,192.0,0,0.0,3.9641,0.674,2.0,0.0,"EBS only","100 Gigabit","",4.5,"General purpose"
m5zn.xlarge,4.0,2.0,16.0,0,0.0,0.3303,0.1515,2.0,0.0,"EBS only","Up to 25 Gigabit","",4.5,"General purpose"
m6a.12xlarge,48.0,24.0,192.0,0,0.0,2.0736,0.5357,2.0,0.0,"EBS only","18.75 Gigabit","",3.6,"General purpose"
m6a.16xlarge,64.0,32.0,256.0,0,0.0,2.7648,0.9981,2.0,0.0,"EBS only","25 Gigabit","",3.6,"General purpose"
m6a.24xlarge,96.0,48.0,384.0,0,0.0,4.1472,0.8836,2.0,0.0,"EBS only","37.5 Gigabit","",3.6,"General purpose"
m6a.2xlarge,8.0,4.0,32.0,0,0.0,0.3456,0.1625,2.0,0.0,"EBS only","Up to 12.5 Gigabit","",3.6,"General purpose"
m6a.32xlarge,128.0,64.0,512.0,0,0.0,5.5296,1.368,2.0,0.0,"EBS only","50 Gigabit","",3.6,"General purpose"
m6a.48xlarge,192.0,96.0,768.0,0,0.0,8.2944,1.3386,2.0,0.0,"EBS only","50 Gigabit","",3.6,"General purpose"
m6a.4xlarge,16.0,8.0,64.0,0,0.0,0.6912,0.2727,2.0,0.0,"EBS only","Up to 12.5 Gigabit","",3.6,"General purpose"
m6a.8xlarge,32.0,16.0,128.0,0,0.0,1.3824,0.4503,2.0,0.0,"EBS only","12.5 Gigabit","",3.6,"General purpose"
m6a.large,2.0,1.0,8.0,0,0.0,0.0864,0.0289,2.0,0.0,"EBS only","Up to 12.5 Gigabit","",3.6,"General purpose"
m6a.metal,192.0,96.0,768.0,0,0.0,8.2944,1.3622,2.0,0.0,"EBS only","50 Gigabit","",3.6,"General purpose"
m6a.xlarge,4.0,2.0,16.0,0,0.0,0.1728,0.0674,2.0,0.0,"EBS only","Up to 12.5 Gigabit","",3.6,"General purpose"
m6g.12xlarge,48.0,48.0,192.0,0,0.0,1.848,0.3854,1.0,0.0,"EBS only","20 Gigabit","",2.5,"General purpose"
m6g.16xlarge,64.0,64.0,256.0,0,0.0,2.464,0.4465,1.0,0.0,"EBS only","25 Gigabit","",2.5,"General purpose"
m6g.2xlarge,8.0,8.0,32.0,0,0.0,0.308,0.1037,1.0,0.0,"EBS only","Up to 10 Gigabit","",2.5,"General purpose"
m6g.4xlarge,16.0,16.0,64.0,0,0.0,0.616,0.1909,1.0,0.0,"EBS only","Up to 10 Gigabit","",2.5,"General purpose"
m6g.8xlarge,32.0,32.0,128.0,0,0.0,1.232,0.3439,1.0,0.0,"EBS only","12 Gigabit","",2.5,"General purpose"
m6g.large,2.0,2.0,8.0,0,0.0,0.077,0.0208,1.0,0.0,"EBS only","Up to 10 Gigabit","",2.5,"General purpose"
m6g.medium,1.0,1.0,4.0,0,0.0,0.0385,0.0106,1.0,0.0,"EBS only","Up to 10 Gigabit","",2.5,"General purpose"
m6g.metal,64.0,64.0,256.0,0,0.0,2.464,0.3584,1.0,0.0,"EBS only","25 Gigabit","",2.5,"General purpose"
m6g.xlarge,4.0,4.0,16.0,0,0.0,0.154,0.0354,1.0,0.0,"EBS only","Up to 10 Gigabit","",2.5,"General purpose"
m6gd.12xlarge,48.0,48.0,192.0,0,0.0,2.1696,0.6259,1.0,2850.0,"2 x 1425 NVMe SSD","20 Gigabit","",2.5,"General purpose"
m6gd.16xlarge,64.0,64.0,256.0,0,0.0,2.8928,0.4559,1.0,3800.0,"2 x 1900 NVMe SSD","25 Gigabit","",2.5,"General purpose"
m6gd.2xlarge,8.0,8.0,32.0,0,0.0,0.3616,0.142,1.0,474.0,"1 x 475 NVMe SSD","Up to 10 Gigabit","",2.5,"General purpose"
m6gd.4xlarge,16.0,16.0,64.0,0,0.0,0.7232,0.2502,1.0,950.0,"1 x 950 NVMe SSD","Up to 10 Gigabit","",2.5,"General purpose"
m6gd.8xlarge,32.0,32.0,128.0,0,0.0,1.4464,0.4512,1.0,1900.0,"1 x 1900 NVMe SSD","12 Gigabit","",2.5,"General purpose"
m6gd.large,2.0,2.0,8.0,0,0.0,0.0904,0.027,1.0,118.0,"1 x 118 NVMe SSD","Up to 10 Gigabit","",2.5,"General purpose"
m6gd.medium,1.0,1.0,4.0,0,0.0,0.0452,0.0096,1.0,59.0,"1 x 59 NVMe SSD","Up to 10 Gigabit","",2.5,"General purpose"
m6gd.metal,64.0,64.0,256.0,0,0.0,2.8928,0.2893,1.0,3800.0,"2 x 1900 NVMe SSD","25 Gigabit","",2.5,"General purpose"
m6gd.xlarge,4.0,4.0,16.0,0,0.0,0.1808,0.0881,1.0,237.0,"1 x 237 NVMe SSD","Up to 10 Gigabit","",2.5,"General purpose"
m6i.12xlarge,48.0,24.0,192.0,0,0.0,2.304,0.5892,2.0,0.0,"EBS only","18.75 Gigabit","",3.5,"General purpose"
m6i.16xlarge,64.0,32.0,256.0,0,0.0,3.072,0.7836,2.0,0.0,"EBS only","25 Gigabit","",3.5,"General purpose"
m6i.24xlarge,96.0,48.0,384.0,0,0.0,4.608,1.2172,2.0,0.0,"EBS only","37.5 Gigabit","",3.5,"General purpose"
m6i.2xlarge,8.0,4.0,32.0,0,0.0,0.384,0.1496,2.0,0.0,"EBS only","Up to 12.5 Gigabit","",3.5,"General purpose"
m6i.32xlarge,128.0,64.0,512.0,0,0.0,6.144,1.2778,2.0,0.0,"EBS only","50 Gigabit","",3.5,"General purpose"
m6i.4xlarge,16.0,8.0,64.0,0,0.0,0.768,0.2594,2.0,0.0,"EBS only","Up to 12.5 Gigabit","",3.5,"General purpose"
m6i.8xlarge,32.0,16.0,128.0,0,0.0,1.536,0.4255,2.0,0.0,"EBS only","12.5 Gigabit","",3.5,"General purpose"
m6i.large,2.0,1.0,8.0,0,0.0,0.096,0.0272,2.0,0.0,"EBS only","Up to 12.5 Gigabit","",3.5,"General purpose"
m6i.metal,128.0,64.0,512.0,0,0.0,6.144,0.797,2.0,0.0,"EBS only","50 Gigabit","",3.5,"General purpose"
m6i.xlarge,4.0,2.0,16.0,0,0.0,0.192,0.066,2.0,0.0,"EBS only","Up to 12.5 Gigabit","",3.5,"General purpose"
m6id.12xlarge,48.0,24.0,192.0,0,0.0,2.8476,0.3419,2.0,2850.0,"2 x 1425 NVMe SSD","18.75 Gigabit","",3.5,"General purpose"
m6id.16xlarge,64.0,32.0,256.0,0,0.0,3.7968,0.7002,2.0,3800.0,"2 x 1900 NVMe SSD","25 Gigabit","",3.5,"General purpose"
m6id.24xlarge,96.0,48.0,384.0,0,0.0,5.6952,1.1587,2.0,5700.0,"4 x 1425 NVMe SSD","37.5 Gigabit","",3.5,"General purpose"
m6id.2xlarge,8.0,4.0,32.0,0,0.0,0.4746,0.1868,2.0,474.0,"1 x 474 NVMe SSD","Up to 12.5 Gigabit","",3.5,"General purpose"
m6id.32xlarge,128.0,64.0,512.0,0,0.0,7.5936,1.7371,2.0,7600.0,"4 x 1900 NVMe SSD","50 Gigabit","",3.5,"General purpose"
m6id.4xlarge,16.0,8.0,64.0,0,0.0,0.9492,0.2257,2.0,950.0,"1 x 950 NVMe SSD","Up to 12.5 Gigabit","",3.5,"General purpose"
m6id.8xlarge,32.0,16.0,128.0,0,0.0,1.8984,0.4632,2.0,1900.0,"1 x 1900 NVMe SSD","12.5 Gigabit","",3.5,"General purpose"
m6id.large,2.0,1.0,8.0,0,0.0,0.1187,0.0343,2.0,118.0,"1 x 118 NVMe SSD","Up to 12.5 Gigabit","",3.5,"General purpose"
m6id.metal,128.0,64.0,512.0,0,0.0,7.5936,1.5164,2.0,7600.0,"4 x 1900 NVMe SSD","50 Gigabit","",3.5,"General purpose"
m6id.xlarge,4.0,2.0,16.0,0,0.0,0.2373,0.0823,2.0,237.0,"1 x 237 NVMe SSD","Up to 12.5 Gigabit","",3.5,"General purpose"
m6idn.12xlarge,48.0,24.0,192.0,0,0.0,3.8189,1.306,2.0,2850.0,"2 x 1425 NVMe SSD","75 Gigabit","",3.5,"General purpose"
m6idn.16xlarge,64.0,32.0,256.0,0,0.0,5.0918,1.8056,2.0,3800.0,"2 x 1900 NVMe SSD","100 Gigabit","",3.5,"General purpose"
m6idn.24xlarge,96.0,48.0,384.0,0,0.0,7.6378,2.5368,2.0,5700.0,"4 x 1425 NVMe SSD","150 Gigabit","",3.5,"General purpose"
m6idn.2xlarge,8.0,4.0,32.0,0,0.0,0.6365,0.3091,2.0,474.0,"1 x 474 NVMe SSD","Up to 40 Gigabit","",3.5,"General purpose"
m6idn.32xlarge,128.0,64.0,512.0,0,0.0,10.1837,3.3296,2.0,7600.0,"4 x 1900 NVMe SSD","200 Gigabit","",3.5,"General purpose"
m6idn.4xlarge,16.0,8.0,64.0,0,0.0,1.273,0.6895,2.0,950.0,"1 x 950 NVMe SSD","Up to 50 Gigabit","",3.5,"General purpose"
m6idn.8xlarge,32.0,16.0,128.0,0,0.0,2.5459,0.9597,2.0,1900.0,"1 x 1900 NVMe SSD","50 Gigabit","",3.5,"General purpose"
m6idn.large,2.0,1.0,8.0,0,0.0,0.1591,0.0445,2.0,118.0,"1 x 118 NVMe SSD","Up to 25 Gigabit","",3.5,"General purpose"
m6idn.metal,128.0,64.0,512.0,0,0.0,10.1837,1.0184,2.0,7600.0,"4 x 1900 NVMe SSD","200 Gigabit","",3.5,"General purpose"
m6idn.xlarge,4.0,2.0,16.0,0,0.0,0.3182,0.1301,2.0,237.0,"1 x 237 NVMe SSD","Up to 30 Gigabit","",3.5,"General purpose"
m6in.12xlarge,48.0,24.0,192.0,0,0.0,3.3415,1.6224,2.0,0.0,"EBS only","75 Gigabit","",3.5,"General purpose"
m6in.16xlarge,64.0,32.0,256.0,0,0.0,4.4554,1.9502,2.0,0.0,"EBS only","100 Gigabit","",3.5,"General purpose"
m6in.24xlarge,96.0,48.0,384.0,0,0.0,6.683,3.1815,2.0,0.0,"EBS only","150 Gigabit","",3.5,"General purpose"
m6in.2xlarge,8.0,4.0,32.0,0,0.0,0.5569,0.208,2.0,0.0,"EBS only","Up to 40 Gigabit","",3.5,"General purpose"
m6in.32xlarge,128.0,64.0,512.0,0,0.0,8.9107,2.8027,2.0,0.0,"EBS only","200 Gigabit","",3.5,"General purpose"
m6in.4xlarge,16.0,8.0,64.0,0,0.0,1.1138,0.5051,2.0,0.0,"EBS only","Up to 50 Gigabit","",3.5,"General purpose"
m6in.8xlarge,32.0,16.0,128.0,0,0.0,2.2277,1.1616,2.0,0.0,"EBS only","50 Gigabit","",3.5,"General purpose"
m6in.large,2.0,1.0,8.0,0,0.0,0.1392,0.0438,2.0,0.0,"EBS only","Up to 25 Gigabit","",3.5,"General purpose"
m6in.metal,128.0,64.0,512.0,0,0.0,8.9107,2.4466,2.0,0.0,"EBS only","200 Gigabit","",3.5,"General purpose"
m6in.xlarge,4.0,2.0,16.0,0,0.0,0.2785,0.1034,2.0,0.0,"EBS only","Up to 30 Gigabit","",3.5,"General purpose"
m7a.12xlarge,48.0,48.0,192.0,0,0.0,2.7821,0.6184,1.0,0.0,"EBS only","18.75 Gigabit","",3.7,"General purpose"
m7a.16xlarge,64.0,64.0,256.0,0,0.0,3.7094,0.6441,1.0,0.0,"EBS only","25 Gigabit","",3.7,"General purpose"
m7a.24xlarge,96.0,96.0,384.0,0,0.0,5.5642,1.4125,1.0,0.0,"EBS only","37.5 Gigabit","",3.7,"General purpose"
m7a.2xlarge,8.0,8.0,32.0,0,0.0,0.4637,0.1558,1.0,0.0,"EBS only","Up to 12.5 Gigabit","",3.7,"General purpose"
m7a.32xlarge,128.0,128.0,512.0,0,0.0,7.4189,1.6883,1.0,0.0,"EBS only","50 Gigabit","",3.7,"General purpose"
m7a.48xlarge,192.0,192.0,768.0,0,0.0,11.1283,2.0061,1.0,0.0,"EBS only","50 Gigabit","",3.7,"General purpose"
m7a.4xlarge,16.0,16.0,64.0,0,0.0,0.9274,0.3617,1.0,0.0,"EBS only","Up to 12.5 Gigabit","",3.7,"General purpose"
m7a.8xlarge,32.0,32.0,128.0,0,0.0,1.8547,0.529,1.0,0.0,"EBS only","12.5 Gigabit","",3.7,"General purpose"
m7a.large,2.0,2.0,8.0,0,0.0,0.1159,0.0337,1.0,0.0,"EBS only","Up to 12.5 Gigabit","",3.7,"General purpose"
m7a.medium,1.0,1.0,4.0,0,0.0,0.058,0.0162,1.0,0.0,"EBS only","Up to 12.5 Gigabit","",3.7,"General purpose"
m7a.metal-48xl,192.0,192.0,768.0,0,0.0,11.1283,1.5747,1.0,0.0,"EBS only","50 Gigabit","",3.7,"General purpose"
m7a.xlarge,4.0,4.0,16.0,0,0.0,0.2318,0.068,1.0,0.0,"EBS only","Up to 12.5 Gigabit","",3.7,"General purpose"
m7g.12xlarge,48.0,48.0,192.0,0,0.0,1.9584,0.4753,1.0,0.0,"EBS only","22.5 Gigabit","",2.6,"General purpose"
m7g.16xlarge,64.0,64.0,256.0,0,0.0,2.6112,0.7026,1.0,0.0,"EBS only","30 Gigabit","",2.6,"General purpose"
m7g.2xlarge,8.0,8.0,32.0,0,0.0,0.3264,0.1047,1.0,0.0,"EBS only","Up to 15 Gigabit","",2.6,"General purpose"
m7g.4xlarge,16.0,16.0,64.0,0,0.0,0.6528,0.2722,1.0,0.0,"EBS only","Up to 15 Gigabit","",2.6,"General purpose"
m7g.8xlarge,32.0,32.0,128.0,0,0.0,1.3056,0.3772,1.0,0.0,"EBS only","15 Gigabit","",2.6,"General purpose"
m7g.large,2.0,2.0,8.0,0,0.0,0.0816,0.0268,1.0,0.0,"EBS only","Up to 12.5 Gigabit","",2.6,"General purpose"
m7g.medium,1.0,1.0,4.0,0,0.0,0.0408,0.0107,1.0,0.0,"EBS only","Up to 12.5 Gigabit","",2.6,"General purpose"
m7g.metal,64.0,64.0,256.0,0,0.0,2.6112,0.3021,1.0,0.0,"EBS only","30 Gigabit","",2.6,"General purpose"
m7g.xlarge,4.0,4.0,16.0,0,0.0,0.1632,0.0477,1.0,0.0,"EBS only","Up to 12.5 Gigabit","",2.6,"General purpose"
m7gd.12xlarge,48.0,48.0,192.0,0,0.0,2.5628,0.4775,1.0,2850.0,"2 x 1425 NVMe SSD","22.5 Gigabit","",2.6,"General purpose"
m7gd.16xlarge,64.0,64.0,256.0,0,0.0,3.4171,0.6401,1.0,3800.0,"2 x 1900 NVMe SSD","30 Gigabit","",2.6,"General purpose"
m7gd.2xlarge,8.0,8.0,32.0,0,0.0,0.4271,0.1353,1.0,474.0,"1 x 475 NVMe SSD","Up to 15 Gigabit","",2.6,"General purpose"
m7gd.4xlarge,16.0,16.0,64.0,0,0.0,0.8543,0.2485,1.0,950.0,"1 x 950 NVMe SSD","Up to 15 Gigabit","",2.6,"General purpose"
m7gd.8xlarge,32.0,32.0,128.0,0,0.0,1.7086,0.5343,1.0,1900.0,"1 x 1900 NVMe SSD","15 Gigabit","",2.6,"General purpose"
m7gd.large,2.0,2.0,8.0,0,0.0,0.1068,0.0329,1.0,118.0,"1 x 118 NVMe SSD","Up to 12.5 Gigabit","",2.6,"General purpose"
m7gd.medium,1.0,1.0,4.0,0,0.0,0.0534,0.006,1.0,59.0,"1 x 59 NVMe SSD","Up to 12.5 Gigabit","",2.6,"General purpose"
m7gd.metal,64.0,64.0,256.0,0,0.0,3.4171,0.3417,1.0,3800.0,"2 x 1900 NVMe SSD","30 Gigabit","",2.6,"General purpose"
m7gd.xlarge,4.0,4.0,16.0,0,0.0,0.2136,0.0906,1.0,237.0,"1 x 237 NVMe SSD","Up to 12.5 Gigabit","",2.6,"General purpose"
m7i-flex.12xlarge,48.0,24.0,192.0,0,0.0,2.2982,0.8901,2.0,0.0,"EBS only","Up to 18.75 Gigabit","",3.2,"General purpose"
m7i-flex.16xlarge,64.0,32.0,256.0,0,0.0,3.0643,0.9432,2.0,0.0,"EBS only","Up to 25 Gigabit","",3.2,"General purpose"
m7i-flex.2xlarge,8.0,4.0,32.0,0,0.0,0.383,0.1531,2.0,0.0,"EBS only","Up to 12.5 Gigabit","",3.2,"General purpose"
m7i-flex.4xlarge,16.0,8.0,64.0,0,0.0,0.7661,0.2766,2.0,0.0,"EBS only","Up to 12.5 Gigabit","",3.2,"General purpose"
m7i-flex.8xlarge,32.0,16.0,128.0,0,0.0,1.5322,0.4688,2.0,0.0,"EBS only","Up to 12.5 Gigabit","",3.2,"General purpose"
m7i-flex.large,2.0,1.0,8.0,0,0.0,0.0958,0.0224,2.0,0.0,"EBS only","Up to 12.5 Gigabit","",3.2,"General purpose"
m7i-flex.xlarge,4.0,2.0,16.0,0,0.0,0.1915,0.0531,2.0,0.0,"EBS only","Up to 12.5 Gigabit","",3.2,"General purpose"
m7i.12xlarge,48.0,24.0,192.0,0,0.0,2.4192,0.6197,2.0,0.0,"EBS only","18.75 Gigabit","",3.2,"General purpose"
m7i.16xlarge,64.0,32.0,256.0,0,0.0,3.2256,0.8364,2.0,0.0,"EBS only","25 Gigabit","",3.2,"General purpose"
m7i.24xlarge,96.0,48.0,384.0,0,0.0,4.8384,0.5564,2.0,0.0,"EBS only","37.5 Gigabit","",3.2,"General purpose"
m7i.2xlarge,8.0,4.0,32.0,0,0.0,0.4032,0.1125,2.0,0.0,"EBS only","Up to 12.5 Gigabit","",3.2,"General purpose"
m7i.48xlarge,192.0,96.0,768.0,0,0.0,9.6768,2.3957,2.0,0.0,"EBS only","50 Gigabit","",3.2,"General purpose"
m7i.4xlarge,16.0,8.0,64.0,0,0.0,0.8064,0.2159,2.0,0.0,"EBS only","Up to 12.5 Gigabit","",3.2,"General purpose"
m7i.8xlarge,32.0,16.0,128.0,0,0.0,1.6128,0.6078,2.0,0.0,"EBS only","12.5 Gigabit","",3.2,"General purpose"
m7i.large,2.0,1.0,8.0,0,0.0,0.1008,0.0296,2.0,0.0,"EBS only","Up to 12.5 Gigabit","",3.2,"General purpose"
m7i.metal-24xl,96.0,48.0,384.0,0,0.0,4.8384,0.5863,2.0,0.0,"EBS only","37.5 Gigabit","",3.2,"General purpose"
m7i.metal-48xl,192.0,96.0,768.0,0,0.0,9.6768,0.9677,2.0,0.0,"EBS only","50 Gigabit","",3.2,"General purpose"
m7i.xlarge,4.0,2.0,16.0,0,0.0,0.2016,0.0715,2.0,0.0,"EBS only","Up to 12.5 Gigabit","",3.2,"General purpose"
m8g.12xlarge,48.0,48.0,192.0,0,0.0,2.1542,0.5784,1.0,0.0,"EBS only","22.5 Gigabit","",2.8,"General purpose"
m8g.16xlarge,64.0,64.0,256.0,0,0.0,2.8723,1.0448,1.0,0.0,"EBS only","30 Gigabit","",2.8,"General purpose"
m8g.24xlarge,96.0,96.0,384.0,0,0.0,4.3085,1.1638,1.0,0.0,"EBS only","40 Gigabit","",2.8,"General purpose"
m8g.2xlarge,8.0,8.0,32.0,0,0.0,0.359,0.1101,1.0,0.0,"EBS only","Up to 15 Gigabit","",2.8,"General purpose"
m8g.48xlarge,192.0,192.0,768.0,0,0.0,8.617,1.1774,1.0,0.0,"EBS only","50 Gigabit","",2.7,"General purpose"
m8g.4xlarge,16.0,16.0,64.0,0,0.0,0.7181,0.2242,1.0,0.0,"EBS only","Up to 15 Gigabit","",2.8,"General purpose"
m8g.8xlarge,32.0,32.0,128.0,0,0.0,1.4362,0.4142,1.0,0.0,"EBS only","15 Gigabit","",2.8,"General purpose"
m8g.large,2.0,2.0,8.0,0,0.0,0.0898,0.0281,1.0,0.0,"EBS only","Up to 12.5 Gigabit","",2.8,"General purpose"
m8g.medium,1.0,1.0,4.0,0,0.0,0.0449,0.0117,1.0,0.0,"EBS only","Up to 12.5 Gigabit","",2.8,"General purpose"
m8g.metal-24xl,96.0,96.0,384.0,0,0.0,4.3085,0.5718,1.0,0.0,"EBS only","40 Gigabit","",2.8,"General purpose"
m8g.metal-48xl,192.0,192.0,768.0,0,0.0,8.617,1.184,1.0,0.0,"EBS only","50 Gigabit","",2.7,"General purpose"
m8g.xlarge,4.0,4.0,16.0,0,0.0,0.1795,0.0233,1.0,0.0,"EBS only","Up to 12.5 Gigabit","",2.8,"General purpose"
mac1.metal,12.0,6.0,32.0,0,0.0,"",0.0,2.0,0.0,"EBS only","25 Gigabit","",3.2,"General purpose"
mac2-m1ultra.metal,20.0,20.0,128.0,0,0.0,"",0.0,1.0,0.0,"EBS only","10 Gigabit","",3.2,"General purpose"
mac2-m2.metal,8.0,8.0,24.0,0,0.0,"",0.0,1.0,0.0,"EBS only","10 Gigabit","",3.5,"General purpose"
mac2-m2pro.metal,12.0,12.0,32.0,0,0.0,"",0.0,1.0,0.0,"EBS only","10 Gigabit","",3.5,"General purpose"
mac2.metal,8.0,4.0,16.0,0,0.0,"",0.0,2.0,0.0,"EBS only","10 Gigabit","",3.2,"General purpose"
p3.16xlarge,64.0,32.0,488.0,8.0,128.0,24.48,2.448,2.0,0.0,"EBS only","25 Gigabit",V100,2.7,"GPU instance"
p3.2xlarge,8.0,4.0,61.0,1.0,16.0,3.06,0.306,2.0,0.0,"EBS only","Up to 10 Gigabit",V100,2.7,"GPU instance"
p3.8xlarge,32.0,16.0,244.0,4.0,64.0,12.24,1.224,2.0,0.0,"EBS only","10 Gigabit",V100,2.7,"GPU instance"
p3dn.24xlarge,96.0,48.0,768.0,8.0,256.0,31.212,3.1212,2.0,1800.0,"2 x 900 NVMe SSD","100 Gigabit",V100,2.5,"GPU instance"
p4d.24xlarge,96.0,48.0,1152.0,8.0,320.0,32.7726,9.2615,2.0,8000.0,"8 x 1000 SSD","4x 100 Gigabit",A100,3.0,"GPU instance"
p5.48xlarge,192.0,96.0,2048.0,8.0,640.0,98.32,20.2352,2.0,30400.0,"8 x 3840 GB SSD","3200 Gigabit",H100,3.6,"GPU instance"
p5en.48xlarge,192.0,96.0,2048.0,8.0,1128.0,0.0,8.48,2.0,30400.0,"8 x 3840 NVMe SSD","3200 Gigabit",H200,2.4,"GPU instance"
r3.2xlarge,8.0,4.0,61.0,0,0.0,0.665,0.189,2.0,160.0,"1 x 160 SSD",High,"",2.5,"Memory optimized"
r3.4xlarge,16.0,8.0,122.0,0,0.0,1.33,0.3491,2.0,320.0,"1 x 320 SSD",High,"",2.5,"Memory optimized"
r3.8xlarge,32.0,16.0,244.0,0,0.0,2.66,0.798,2.0,640.0,"2 x 320 SSD","10 Gigabit","",2.5,"Memory optimized"
r3.large,2.0,1.0,15.0,0,0.0,0.166,0.0369,2.0,32.0,"1 x 32 SSD",Moderate,"",2.5,"Memory optimized"
r3.xlarge,4.0,2.0,30.5,0,0.0,0.333,0.0765,2.0,80.0,"1 x 80 SSD",Moderate,"",2.5,"Memory optimized"
r4.16xlarge,64.0,32.0,488.0,0,0.0,4.256,1.444,2.0,0.0,"EBS only","25 Gigabit","",2.3,"Memory optimized"
r4.2xlarge,8.0,4.0,61.0,0,0.0,0.532,0.1944,2.0,0.0,"EBS only","Up to 10 Gigabit","",2.3,"Memory optimized"
r4.4xlarge,16.0,8.0,122.0,0,0.0,1.064,0.3349,2.0,0.0,"EBS only","Up to 10 Gigabit","",2.3,"Memory optimized"
r4.8xlarge,32.0,16.0,244.0,0,0.0,2.128,0.6272,2.0,0.0,"EBS only","10 Gigabit","",2.3,"Memory optimized"
r4.large,2.0,1.0,15.25,0,0.0,0.133,0.0286,2.0,0.0,"EBS only","Up to 10 Gigabit","",2.3,"Memory optimized"
r4.xlarge,4.0,2.0,30.5,0,0.0,0.266,0.0837,2.0,0.0,"EBS only","Up to 10 Gigabit","",2.3,"Memory optimized"
r5.12xlarge,48.0,24.0,384.0,0,0.0,3.024,0.7354,2.0,0.0,"EBS only","12 Gigabit","",3.1,"Memory optimized"
r5.16xlarge,64.0,32.0,512.0,0,0.0,4.032,0.9569,2.0,0.0,"EBS only","20 Gigabit","",3.1,"Memory optimized"
r5.24xlarge,96.0,48.0,768.0,0,0.0,6.048,1.468,2.0,0.0,"EBS only","25 Gigabit","",3.1,"Memory optimized"
r5.2xlarge,8.0,4.0,64.0,0,0.0,0.504,0.1773,2.0,0.0,"EBS only","Up to 10 Gigabit","",3.1,"Memory optimized"
r5.4xlarge,16.0,8.0,128.0,0,0.0,1.008,0.3203,2.0,0.0,"EBS only","Up to 10 Gigabit","",3.1,"Memory optimized"
r5.8xlarge,32.0,16.0,256.0,0,0.0,2.016,0.4103,2.0,0.0,"EBS only","10 Gigabit","",3.1,"Memory optimized"
r5.large,2.0,1.0,16.0,0,0.0,0.126,0.041,2.0,0.0,"EBS only","Up to 10 Gigabit","",3.1,"Memory optimized"
r5.metal,96.0,48.0,768.0,0,0.0,6.048,0.6358,2.0,0.0,"EBS only","25 Gigabit","",3.1,"Memory optimized"
r5.xlarge,4.0,2.0,32.0,0,0.0,0.252,0.0605,2.0,0.0,"EBS only","Up to 10 Gigabit","",3.1,"Memory optimized"
r5a.12xlarge,48.0,24.0,384.0,0,0.0,2.712,0.8586,2.0,0.0,"EBS only","10 Gigabit","",2.5,"Memory optimized"
r5a.16xlarge,64.0,32.0,512.0,0,0.0,3.616,0.8439,2.0,0.0,"EBS only","12 Gigabit","",2.5,"Memory optimized"
r5a.24xlarge,96.0,48.0,768.0,0,0.0,5.424,1.3799,2.0,0.0,"EBS only","20 Gigabit","",2.5,"Memory optimized"
r5a.2xlarge,8.0,4.0,64.0,0,0.0,0.452,0.1808,2.0,0.0,"EBS only","Up to 10 Gigabit","",2.5,"Memory optimized"
r5a.4xlarge,16.0,8.0,128.0,0,0.0,0.904,0.3704,2.0,0.0,"EBS only","Up to 10 Gigabit","",2.5,"Memory optimized"
r5a.8xlarge,32.0,16.0,256.0,0,0.0,1.808,0.4833,2.0,0.0,"EBS only","Up to 10 Gigabit","",2.5,"Memory optimized"
r5a.large,2.0,1.0,16.0,0,0.0,0.113,0.0374,2.0,0.0,"EBS only","Up to 10 Gigabit","",2.5,"Memory optimized"
r5a.xlarge,4.0,2.0,32.0,0,0.0,0.226,0.0758,2.0,0.0,"EBS only","Up to 10 Gigabit","",2.5,"Memory optimized"
r5ad.12xlarge,48.0,24.0,384.0,0,0.0,3.144,1.0721,2.0,1800.0,"2 x 900 NVMe SSD","10 Gigabit","",2.2,"Memory optimized"
r5ad.16xlarge,64.0,32.0,512.0,0,0.0,4.192,1.1574,2.0,2400.0,"4 x 600 NVMe SSD","12 Gigabit","",2.5,"Memory optimized"
r5ad.24xlarge,96.0,48.0,768.0,0,0.0,6.288,2.2215,2.0,3600.0,"4 x 900 NVMe SSD","20 Gigabit","",2.2,"Memory optimized"
r5ad.2xlarge,8.0,4.0,64.0,0,0.0,0.524,0.2584,2.0,300.0,"1 x 300 NVMe SSD","Up to 10 Gigabit","",2.2,"Memory optimized"
r5ad.4xlarge,16.0,8.0,128.0,0,0.0,1.048,0.5402,2.0,600.0,"2 x 300 NVMe SSD","Up to 10 Gigabit","",2.2,"Memory optimized"
r5ad.8xlarge,32.0,16.0,256.0,0,0.0,2.096,0.6093,2.0,1200.0,"2 x 600 NVMe SSD","Up to 10 Gigabit","",2.5,"Memory optimized"
r5ad.large,2.0,1.0,16.0,0,0.0,0.131,0.0361,2.0,75.0,"1 x 75 NVMe SSD","Up to 10 Gigabit","",2.2,"Memory optimized"
r5ad.xlarge,4.0,2.0,32.0,0,0.0,0.262,0.1025,2.0,150.0,"1 x 150 NVMe SSD","Up to 10 Gigabit","",2.2,"Memory optimized"
r5b.12xlarge,48.0,24.0,384.0,0,0.0,3.576,1.4177,2.0,0.0,"EBS only","12 Gigabit","",3.1,"Memory optimized"
r5b.16xlarge,64.0,32.0,512.0,0,0.0,4.768,1.8736,2.0,0.0,"EBS only","20 Gigabit","",3.1,"Memory optimized"
r5b.24xlarge,96.0,48.0,768.0,0,0.0,7.152,3.8,2.0,0.0,"EBS only","25 Gigabit","",3.1,"Memory optimized"
r5b.2xlarge,8.0,4.0,64.0,0,0.0,0.596,0.3438,2.0,0.0,"EBS only","Up to 10 Gigabit","",3.1,"Memory optimized"
r5b.4xlarge,16.0,8.0,128.0,0,0.0,1.192,0.6732,2.0,0.0,"EBS only","Up to 10 Gigabit","",3.1,"Memory optimized"
r5b.8xlarge,32.0,16.0,256.0,0,0.0,2.384,0.9511,2.0,0.0,"EBS only","10 Gigabit","",3.1,"Memory optimized"
r5b.large,2.0,1.0,16.0,0,0.0,0.149,0.05,2.0,0.0,"EBS only","Up to 10 Gigabit","",3.1,"Memory optimized"
r5b.metal,96.0,48.0,768.0,0,0.0,7.152,1.1337,2.0,0.0,"EBS only","25 Gigabit","",3.1,"Memory optimized"
r5b.xlarge,4.0,2.0,32.0,0,0.0,0.298,0.1489,2.0,0.0,"EBS only","Up to 10 Gigabit","",3.1,"Memory optimized"
r5d.12xlarge,48.0,24.0,384.0,0,0.0,3.456,1.2016,2.0,1800.0,"2 x 900 NVMe SSD","12 Gigabit","",3.1,"Memory optimized"
r5d.16xlarge,64.0,32.0,512.0,0,0.0,4.608,1.2089,2.0,2400.0,"4 x 600 NVMe SSD","20 Gigabit","",3.1,"Memory optimized"
r5d.24xlarge,96.0,48.0,768.0,0,0.0,6.912,1.9184,2.0,3600.0,"4 x 900 NVMe SSD","25 Gigabit","",3.1,"Memory optimized"
r5d.2xlarge,8.0,4.0,64.0,0,0.0,0.576,0.306,2.0,300.0,"1 x 300 NVMe SSD","Up to 10 Gigabit","",3.1,"Memory optimized"
r5d.4xlarge,16.0,8.0,128.0,0,0.0,1.152,0.5361,2.0,600.0,"2 x 300 NVMe SSD","Up to 10 Gigabit","",3.1,"Memory optimized"
r5d.8xlarge,32.0,16.0,256.0,0,0.0,2.304,0.6022,2.0,1200.0,"2 x 600 NVMe SSD","10 Gigabit","",3.1,"Memory optimized"
r5d.large,2.0,1.0,16.0,0,0.0,0.144,0.0442,2.0,75.0,"1 x 75 NVMe SSD","Up to 10 Gigabit","",3.1,"Memory optimized"
r5d.metal,96.0,48.0,768.0,0,0.0,6.912,1.6663,2.0,3600.0,"4 x 900 NVMe SSD","25 Gigabit","",3.1,"Memory optimized"
r5d.xlarge,4.0,2.0,32.0,0,0.0,0.288,0.1466,2.0,150.0,"1 x 150 NVMe SSD","Up to 10 Gigabit","",3.1,"Memory optimized"
r5dn.12xlarge,48.0,24.0,384.0,0,0.0,4.008,1.239,2.0,1800.0,"2 x 900 GB NVMe SSD","50 Gigabit","",3.1,"Memory optimized"
r5dn.16xlarge,64.0,32.0,512.0,0,0.0,5.344,1.6124,2.0,2400.0,"4 x 600 NVMe SSD","75 Gigabit","",3.1,"Memory optimized"
r5dn.24xlarge,96.0,48.0,768.0,0,0.0,8.016,2.3844,2.0,3600.0,"4 x 900 NVMe SSD","100 Gigabit","",3.1,"Memory optimized"
r5dn.2xlarge,8.0,4.0,64.0,0,0.0,0.668,0.287,2.0,300.0,"1 x 300 NVMe SSD","Up to 25 Gigabit","",3.1,"Memory optimized"
r5dn.4xlarge,16.0,8.0,128.0,0,0.0,1.336,0.4889,2.0,600.0,"2 x 300 NVMe SSD","Up to 25 Gigabit","",3.1,"Memory optimized"
r5dn.8xlarge,32.0,16.0,256.0,0,0.0,2.672,0.7386,2.0,1200.0,"2 x 600 NVMe SSD","25 Gigabit","",3.1,"Memory optimized"
r5dn.large,2.0,1.0,16.0,0,0.0,0.167,0.032,2.0,75.0,"1 x 75 NVMe SSD","Up to 25 Gigabit","",3.1,"Memory optimized"
r5dn.metal,96.0,48.0,768.0,0,0.0,8.016,0.8016,2.0,3600.0,"4 x 900 NVMe SSD","100 Gigabit","",3.1,"Memory optimized"
r5dn.xlarge,4.0,2.0,32.0,0,0.0,0.334,0.1543,2.0,150.0,"1 x 150 NVMe SSD","Up to 25 Gigabit","",3.1,"Memory optimized"
r5n.12xlarge,48.0,24.0,384.0,0,0.0,3.576,0.8753,2.0,0.0,"EBS only","50 Gigabit","",3.1,"Memory optimized"
r5n.16xlarge,64.0,32.0,512.0,0,0.0,4.768,1.1398,2.0,0.0,"EBS only","75 Gigabit","",3.1,"Memory optimized"
r5n.24xlarge,96.0,48.0,768.0,0,0.0,7.152,1.8088,2.0,0.0,"EBS only","100 Gigabit","",3.1,"Memory optimized"
r5n.2xlarge,8.0,4.0,64.0,0,0.0,0.596,0.3045,2.0,0.0,"EBS only","Up to 25 Gigabit","",3.1,"Memory optimized"
r5n.4xlarge,16.0,8.0,128.0,0,0.0,1.192,0.5463,2.0,0.0,"EBS only","Up to 25 Gigabit","",3.1,"Memory optimized"
r5n.8xlarge,32.0,16.0,256.0,0,0.0,2.384,0.4597,2.0,0.0,"EBS only","25 Gigabit","",3.1,"Memory optimized"
r5n.large,2.0,1.0,16.0,0,0.0,0.149,0.0503,2.0,0.0,"EBS only","Up to 25 Gigabit","",3.1,"Memory optimized"
r5n.metal,96.0,48.0,768.0,0,0.0,7.152,0.7152,2.0,0.0,"EBS only","100 Gigabit","",3.1,"Memory optimized"
r5n.xlarge,4.0,2.0,32.0,0,0.0,0.298,0.1368,2.0,0.0,"EBS only","Up to 25 Gigabit","",3.1,"Memory optimized"
r6a.12xlarge,48.0,24.0,384.0,0,0.0,2.7216,0.6726,2.0,0.0,"EBS only","18.75 Gigabit","",3.6,"Memory optimized"
r6a.16xlarge,64.0,32.0,512.0,0,0.0,3.6288,0.5814,2.0,0.0,"EBS only","25 Gigabit","",3.6,"Memory optimized"
r6a.24xlarge,96.0,48.0,768.0,0,0.0,5.4432,1.49,2.0,0.0,"EBS only","37.5 Gigabit","",3.6,"Memory optimized"
r6a.2xlarge,8.0,4.0,64.0,0,0.0,0.4536,0.1842,2.0,0.0,"EBS only","Up to 12.5 Gigabit","",3.6,"Memory optimized"
r6a.32xlarge,128.0,64.0,1024.0,0,0.0,7.2576,0.7297,2.0,0.0,"EBS only","50 Gigabit","",3.6,"Memory optimized"
r6a.48xlarge,192.0,96.0,1536.0,0,0.0,10.8864,2.2312,2.0,0.0,"EBS only","50 Gigabit","",3.6,"Memory optimized"
r6a.4xlarge,16.0,8.0,128.0,0,0.0,0.9072,0.4248,2.0,0.0,"EBS only","Up to 12.5 Gigabit","",3.6,"Memory optimized"
r6a.8xlarge,32.0,16.0,256.0,0,0.0,1.8144,0.1814,2.0,0.0,"EBS only","12.5 Gigabit","",3.6,"Memory optimized"
r6a.large,2.0,1.0,16.0,0,0.0,0.1134,0.0204,2.0,0.0,"EBS only","Up to 12.5 Gigabit","",3.6,"Memory optimized"
r6a.metal,192.0,96.0,1536.0,0,0.0,10.8864,2.1482,2.0,0.0,"EBS only","50 Gigabit","",3.6,"Memory optimized"
r6a.xlarge,4.0,2.0,32.0,0,0.0,0.2268,0.0331,2.0,0.0,"EBS only","Up to 12.5 Gigabit","",3.6,"Memory optimized"
r6g.12xlarge,48.0,48.0,384.0,0,0.0,2.4192,0.3767,1.0,0.0,"EBS only","20 Gigabit","",2.5,"Memory optimized"
r6g.16xlarge,64.0,64.0,512.0,0,0.0,3.2256,0.3226,1.0,0.0,"EBS only","25 Gigabit","",2.5,"Memory optimized"
r6g.2xlarge,8.0,8.0,64.0,0,0.0,0.4032,0.1278,1.0,0.0,"EBS only","Up to 10 Gigabit","",2.5,"Memory optimized"
r6g.4xlarge,16.0,16.0,128.0,0,0.0,0.8064,0.2551,1.0,0.0,"EBS only","Up to 10 Gigabit","",2.5,"Memory optimized"
r6g.8xlarge,32.0,32.0,256.0,0,0.0,1.6128,0.1665,1.0,0.0,"EBS only","12 Gigabit","",2.5,"Memory optimized"
r6g.large,2.0,2.0,16.0,0,0.0,0.1008,0.0247,1.0,0.0,"EBS only","Up to 10 Gigabit","",2.5,"Memory optimized"
r6g.medium,1.0,1.0,8.0,0,0.0,0.0504,0.0157,1.0,0.0,"EBS only","Up to 10 Gigabit","",2.5,"Memory optimized"
r6g.metal,64.0,64.0,512.0,0,0.0,3.2256,0.3278,1.0,0.0,"EBS only","25 Gigabit","",2.5,"Memory optimized"
r6g.xlarge,4.0,4.0,32.0,0,0.0,0.2016,0.0597,1.0,0.0,"EBS only","Up to 10 Gigabit","",2.5,"Memory optimized"
r6gd.12xlarge,48.0,48.0,384.0,0,0.0,2.7648,0.6962,1.0,2850.0,"2 x 1425 NVMe SSD","20 Gigabit","",2.5,"Memory optimized"
r6gd.16xlarge,64.0,64.0,512.0,0,0.0,3.6864,0.7145,1.0,3800.0,"2 x 1900 NVMe SSD","25 Gigabit","",2.5,"Memory optimized"
r6gd.2xlarge,8.0,8.0,64.0,0,0.0,0.4608,0.207,1.0,474.0,"1 x 475 NVMe SSD","Up to 10 Gigabit","",2.5,"Memory optimized"
r6gd.4xlarge,16.0,16.0,128.0,0,0.0,0.9216,0.3222,1.0,950.0,"1 x 950 NVMe SSD","Up to 10 Gigabit","",2.5,"Memory optimized"
r6gd.8xlarge,32.0,32.0,256.0,0,0.0,1.8432,0.557,1.0,1900.0,"1 x 1900 NVMe SSD","12 Gigabit","",2.5,"Memory optimized"
r6gd.large,2.0,2.0,16.0,0,0.0,0.1152,0.0334,1.0,118.0,"1 x 118 NVMe SSD","Up to 10 Gigabit","",2.5,"Memory optimized"
r6gd.medium,1.0,1.0,8.0,0,0.0,0.0576,0.0179,1.0,59.0,"1 x 59 NVMe SSD","Up to 10 Gigabit","",2.5,"Memory optimized"
r6gd.metal,64.0,64.0,512.0,0,0.0,3.6864,0.6004,1.0,3800.0,"2 x 1900 NVMe SSD","25 Gigabit","",2.5,"Memory optimized"
r6gd.xlarge,4.0,4.0,32.0,0,0.0,0.2304,0.1169,1.0,237.0,"1 x 237 NVMe SSD","Up to 10 Gigabit","",2.5,"Memory optimized"
r6i.12xlarge,48.0,24.0,384.0,0,0.0,3.024,0.6429,2.0,0.0,"EBS only","18.75 Gigabit","",3.5,"Memory optimized"
r6i.16xlarge,64.0,32.0,512.0,0,0.0,4.032,0.9642,2.0,0.0,"EBS only","25 Gigabit","",3.5,"Memory optimized"
r6i.24xlarge,96.0,48.0,768.0,0,0.0,6.048,1.5317,2.0,0.0,"EBS only","37.5 Gigabit","",3.5,"Memory optimized"
r6i.2xlarge,8.0,4.0,64.0,0,0.0,0.504,0.1852,2.0,0.0,"EBS only","Up to 12.5 Gigabit","",3.5,"Memory optimized"
r6i.32xlarge,128.0,64.0,1024.0,0,0.0,8.064,1.8387,2.0,0.0,"EBS only","50 Gigabit","",3.5,"Memory optimized"
r6i.4xlarge,16.0,8.0,128.0,0,0.0,1.008,0.4353,2.0,0.0,"EBS only","Up to 12.5 Gigabit","",3.5,"Memory optimized"
r6i.8xlarge,32.0,16.0,256.0,0,0.0,2.016,0.4968,2.0,0.0,"EBS only","12.5 Gigabit","",3.5,"Memory optimized"
r6i.large,2.0,1.0,16.0,0,0.0,0.126,0.0329,2.0,0.0,"EBS only","Up to 12.5 Gigabit","",3.5,"Memory optimized"
r6i.metal,128.0,64.0,1024.0,0,0.0,8.064,1.2498,2.0,0.0,"EBS only","50 Gigabit","",3.5,"Memory optimized"
r6i.xlarge,4.0,2.0,32.0,0,0.0,0.252,0.1025,2.0,0.0,"EBS only","Up to 12.5 Gigabit","",3.5,"Memory optimized"
r6id.12xlarge,48.0,24.0,384.0,0,0.0,3.6288,1.0941,2.0,2850.0,"2 x 1425 NVMe SSD","18.75 Gigabit","",3.5,"Memory optimized"
r6id.16xlarge,64.0,32.0,512.0,0,0.0,4.8384,1.4174,2.0,3800.0,"2 x 1900 NVMe SSD","25 Gigabit","",3.5,"Memory optimized"
r6id.24xlarge,96.0,48.0,768.0,0,0.0,7.2576,2.1603,2.0,5700.0,"4 x 1425 NVMe SSD","37.5 Gigabit","",3.5,"Memory optimized"
r6id.2xlarge,8.0,4.0,64.0,0,0.0,0.6048,0.2278,2.0,474.0,"1 x 474 NVMe SSD","Up to 12.5 Gigabit","",3.5,"Memory optimized"
r6id.32xlarge,128.0,64.0,1024.0,0,0.0,9.6768,2.3703,2.0,7600.0,"4 x 1900 NVMe SSD","50 Gigabit","",3.5,"Memory optimized"
r6id.4xlarge,16.0,8.0,128.0,0,0.0,1.2096,0.4935,2.0,950.0,"1 x 950 NVMe SSD","Up to 12.5 Gigabit","",3.5,"Memory optimized"
r6id.8xlarge,32.0,16.0,256.0,0,0.0,2.4192,0.7685,2.0,1900.0,"1 x 1900 NVMe SSD","12.5 Gigabit","",3.5,"Memory optimized"
r6id.large,2.0,1.0,16.0,0,0.0,0.1512,0.044,2.0,118.0,"1 x 118 NVMe SSD","Up to 12.5 Gigabit","",3.5,"Memory optimized"
r6id.metal,128.0,64.0,1024.0,0,0.0,9.6768,2.7205,2.0,7600.0,"4 x 1900 NVMe SSD","50 Gigabit","",3.5,"Memory optimized"
r6id.xlarge,4.0,2.0,32.0,0,0.0,0.3024,0.1337,2.0,237.0,"1 x 237 NVMe SSD","Up to 12.5 Gigabit","",3.5,"Memory optimized"
r6idn.12xlarge,48.0,24.0,384.0,0,0.0,4.6894,1.6442,2.0,2850.0,"2 x 1425 NVMe SSD","75 Gigabit","",3.5,"Memory optimized"
r6idn.16xlarge,64.0,32.0,512.0,0,0.0,6.2525,1.6723,2.0,3800.0,"2 x 1900 NVMe SSD","100 Gigabit","",3.5,"Memory optimized"
r6idn.24xlarge,96.0,48.0,768.0,0,0.0,9.3787,2.3908,2.0,5700.0,"4 x 1425 NVMe SSD","150 Gigabit","",3.5,"Memory optimized"
r6idn.2xlarge,8.0,4.0,64.0,0,0.0,0.7816,0.328,2.0,474.0,"1 x 474 NVMe SSD","Up to 40 Gigabit","",3.5,"Memory optimized"
r6idn.32xlarge,128.0,64.0,1024.0,0,0.0,12.505,1.2505,2.0,7600.0,"4 x 1900 NVMe SSD","200 Gigabit","",3.5,"Memory optimized"
r6idn.4xlarge,16.0,8.0,128.0,0,0.0,1.5631,0.557,2.0,950.0,"1 x 950 NVMe SSD","Up to 50 Gigabit","",3.5,"Memory optimized"
r6idn.8xlarge,32.0,16.0,256.0,0,0.0,3.1262,0.9139,2.0,1900.0,"1 x 1900 NVMe SSD","50 Gigabit","",3.5,"Memory optimized"
r6idn.large,2.0,1.0,16.0,0,0.0,0.1954,0.0552,2.0,118.0,"1 x 118 NVMe SSD","Up to 25 Gigabit","",3.5,"Memory optimized"
r6idn.metal,128.0,64.0,1024.0,0,0.0,12.505,1.6184,2.0,7600.0,"4 x 1900 NVMe SSD","200 Gigabit","",3.5,"Memory optimized"
r6idn.xlarge,4.0,2.0,32.0,0,0.0,0.3908,0.1615,2.0,237.0,"1 x 237 NVMe SSD","Up to 30 Gigabit","",3.5,"Memory optimized"
r6in.12xlarge,48.0,24.0,384.0,0,0.0,4.1839,1.4571,2.0,0.0,"EBS only","75 Gigabit","",3.5,"Memory optimized"
r6in.16xlarge,64.0,32.0,512.0,0,0.0,5.5786,1.075,2.0,0.0,"EBS only","100 Gigabit","",3.5,"Memory optimized"
r6in.24xlarge,96.0,48.0,768.0,0,0.0,8.3678,1.664,2.0,0.0,"EBS only","150 Gigabit","",3.5,"Memory optimized"
r6in.2xlarge,8.0,4.0,64.0,0,0.0,0.6973,0.3206,2.0,0.0,"EBS only","Up to 40 Gigabit","",3.5,"Memory optimized"
r6in.32xlarge,128.0,64.0,1024.0,0,0.0,11.1571,1.1318,2.0,0.0,"EBS only","200 Gigabit","",3.5,"Memory optimized"
r6in.4xlarge,16.0,8.0,128.0,0,0.0,1.3946,0.5784,2.0,0.0,"EBS only","Up to 50 Gigabit","",3.5,"Memory optimized"
r6in.8xlarge,32.0,16.0,256.0,0,0.0,2.7893,0.286,2.0,0.0,"EBS only","50 Gigabit","",3.5,"Memory optimized"
r6in.large,2.0,1.0,16.0,0,0.0,0.1743,0.0174,2.0,0.0,"EBS only","Up to 25 Gigabit","",3.5,"Memory optimized"
r6in.metal,128.0,64.0,1024.0,0,0.0,11.1571,1.1157,2.0,0.0,"EBS only","200 Gigabit","",3.5,"Memory optimized"
r6in.xlarge,4.0,2.0,32.0,0,0.0,0.3487,0.1048,2.0,0.0,"EBS only","Up to 30 Gigabit","",3.5,"Memory optimized"
r7a.12xlarge,48.0,48.0,384.0,0,0.0,3.6516,0.728,1.0,0.0,"EBS only","18.75 Gigabit","",3.7,"Memory optimized"
r7a.16xlarge,64.0,64.0,512.0,0,0.0,4.8688,0.8651,1.0,0.0,"EBS only","25 Gigabit","",3.7,"Memory optimized"
r7a.24xlarge,96.0,96.0,768.0,0,0.0,7.3032,1.1224,1.0,0.0,"EBS only","37.5 Gigabit","",3.7,"Memory optimized"
r7a.2xlarge,8.0,8.0,64.0,0,0.0,0.6086,0.2429,1.0,0.0,"EBS only","Up to 12.5 Gigabit","",3.7,"Memory optimized"
r7a.32xlarge,128.0,128.0,1024.0,0,0.0,9.7376,0.9738,1.0,0.0,"EBS only","50 Gigabit","",3.7,"Memory optimized"
r7a.48xlarge,192.0,192.0,1536.0,0,0.0,14.6064,3.2272,1.0,0.0,"EBS only","50 Gigabit","",3.7,"Memory optimized"
r7a.4xlarge,16.0,16.0,128.0,0,0.0,1.2172,0.4928,1.0,0.0,"EBS only","Up to 12.5 Gigabit","",3.7,"Memory optimized"
r7a.8xlarge,32.0,32.0,256.0,0,0.0,2.4344,0.2434,1.0,0.0,"EBS only","12.5 Gigabit","",3.7,"Memory optimized"
r7a.large,2.0,2.0,16.0,0,0.0,0.1522,0.052,1.0,0.0,"EBS only","Up to 12.5 Gigabit","",3.7,"Memory optimized"
r7a.medium,1.0,1.0,8.0,0,0.0,0.0761,0.019,1.0,0.0,"EBS only","Up to 12.5 Gigabit","",3.7,"Memory optimized"
r7a.metal-48xl,192.0,192.0,1536.0,0,0.0,14.6064,3.7598,1.0,0.0,"EBS only","50 Gigabit","",3.7,"Memory optimized"
r7a.xlarge,4.0,4.0,32.0,0,0.0,0.3043,0.1132,1.0,0.0,"EBS only","Up to 12.5 Gigabit","",3.7,"Memory optimized"
r7g.12xlarge,48.0,48.0,384.0,0,0.0,2.5704,0.2577,1.0,0.0,"EBS only","22.5 Gigabit","",2.6,"Memory optimized"
r7g.16xlarge,64.0,64.0,512.0,0,0.0,3.4272,0.3427,1.0,0.0,"EBS only","30 Gigabit","",2.6,"Memory optimized"
r7g.2xlarge,8.0,8.0,64.0,0,0.0,0.4284,0.142,1.0,0.0,"EBS only","Up to 15 Gigabit","",2.6,"Memory optimized"
r7g.4xlarge,16.0,16.0,128.0,0,0.0,0.8568,0.3297,1.0,0.0,"EBS only","Up to 15 Gigabit","",2.6,"Memory optimized"
r7g.8xlarge,32.0,32.0,256.0,0,0.0,1.7136,0.2493,1.0,0.0,"EBS only","15 Gigabit","",2.6,"Memory optimized"
r7g.large,2.0,2.0,16.0,0,0.0,0.1071,0.0309,1.0,0.0,"EBS only","Up to 12.5 Gigabit","",2.6,"Memory optimized"
r7g.medium,1.0,1.0,8.0,0,0.0,0.0536,0.0221,1.0,0.0,"EBS only","Up to 12.5 Gigabit","",2.6,"Memory optimized"
r7g.metal,64.0,64.0,512.0,0,0.0,3.4272,0.4845,1.0,0.0,"EBS only","30 Gigabit","",2.6,"Memory optimized"
r7g.xlarge,4.0,4.0,32.0,0,0.0,0.2142,0.0503,1.0,0.0,"EBS only","Up to 12.5 Gigabit","",2.6,"Memory optimized"
r7gd.12xlarge,48.0,48.0,384.0,0,0.0,3.2659,0.3266,1.0,2850.0,"2 x 1425 NVMe SSD","22.5 Gigabit","",2.6,"Memory optimized"
r7gd.16xlarge,64.0,64.0,512.0,0,0.0,4.3546,1.0841,1.0,3800.0,"2 x 1900 NVMe SSD","30 Gigabit","",2.6,"Memory optimized"
r7gd.2xlarge,8.0,8.0,64.0,0,0.0,0.5443,0.1946,1.0,474.0,"1 x 475 NVMe SSD","Up to 15 Gigabit","",2.6,"Memory optimized"
r7gd.4xlarge,16.0,16.0,128.0,0,0.0,1.0886,0.5451,1.0,950.0,"1 x 950 NVMe SSD","Up to 15 Gigabit","",2.6,"Memory optimized"
r7gd.8xlarge,32.0,32.0,256.0,0,0.0,2.1773,0.6503,1.0,1900.0,"1 x 1900 NVMe SSD","15 Gigabit","",2.6,"Memory optimized"
r7gd.large,2.0,2.0,16.0,0,0.0,0.1361,0.0425,1.0,118.0,"1 x 118 NVMe SSD","Up to 12.5 Gigabit","",2.6,"Memory optimized"
r7gd.medium,1.0,1.0,8.0,0,0.0,0.068,0.0176,1.0,59.0,"1 x 59 NVMe SSD","Up to 12.5 Gigabit","",2.6,"Memory optimized"
r7gd.metal,64.0,64.0,512.0,0,0.0,4.3546,0.4355,1.0,3800.0,"2 x 1900 NVMe SSD","30 Gigabit","",2.6,"Memory optimized"
r7gd.xlarge,4.0,4.0,32.0,0,0.0,0.2722,0.1144,1.0,237.0,"1 x 237 NVMe SSD","Up to 12.5 Gigabit","",2.6,"Memory optimized"
r7i.12xlarge,48.0,24.0,384.0,0,0.0,3.1752,0.9189,2.0,0.0,"EBS only","18.75 Gigabit","",3.2,"Memory optimized"
r7i.16xlarge,64.0,32.0,512.0,0,0.0,4.2336,0.4234,2.0,0.0,"EBS only","25 Gigabit","",3.2,"Memory optimized"
r7i.24xlarge,96.0,48.0,768.0,0,0.0,6.3504,1.395,2.0,0.0,"EBS only","37.5 Gigabit","",3.2,"Memory optimized"
r7i.2xlarge,8.0,4.0,64.0,0,0.0,0.5292,0.1995,2.0,0.0,"EBS only","Up to 12.5 Gigabit","",3.2,"Memory optimized"
r7i.48xlarge,192.0,96.0,1536.0,0,0.0,12.7008,4.6876,2.0,0.0,"EBS only","50 Gigabit","",3.2,"Memory optimized"
r7i.4xlarge,16.0,8.0,128.0,0,0.0,1.0584,0.304,2.0,0.0,"EBS only","Up to 12.5 Gigabit","",3.2,"Memory optimized"
r7i.8xlarge,32.0,16.0,256.0,0,0.0,2.1168,0.2117,2.0,0.0,"EBS only","12.5 Gigabit","",3.2,"Memory optimized"
r7i.large,2.0,1.0,16.0,0,0.0,0.1323,0.0396,2.0,0.0,"EBS only","Up to 12.5 Gigabit","",3.2,"Memory optimized"
r7i.metal-24xl,96.0,48.0,768.0,0,0.0,6.3504,0.635,2.0,0.0,"EBS only","37.5 Gigabit","",3.2,"Memory optimized"
r7i.metal-48xl,192.0,96.0,1536.0,0,0.0,12.7008,1.2701,2.0,0.0,"EBS only","50 Gigabit","",3.2,"Memory optimized"
r7i.xlarge,4.0,2.0,32.0,0,0.0,0.2646,0.1021,2.0,0.0,"EBS only","Up to 12.5 Gigabit","",3.2,"Memory optimized"
r7iz.12xlarge,48.0,24.0,384.0,0,0.0,4.464,1.1293,2.0,0.0,"EBS only","25 Gigabit","",3.9,"Memory optimized"
r7iz.16xlarge,64.0,32.0,512.0,0,0.0,5.952,0.6395,2.0,0.0,"EBS only","25 Gigabit","",3.9,"Memory optimized"
r7iz.2xlarge,8.0,4.0,64.0,0,0.0,0.744,0.2661,2.0,0.0,"EBS only","Up to 12.5 Gigabit","",3.9,"Memory optimized"
r7iz.32xlarge,128.0,64.0,1024.0,0,0.0,11.904,2.5427,2.0,0.0,"EBS only","50 Gigabit","",3.9,"Memory optimized"
r7iz.4xlarge,16.0,8.0,128.0,0,0.0,1.488,0.4757,2.0,0.0,"EBS only","Up to 12.5 Gigabit","",3.9,"Memory optimized"
r7iz.8xlarge,32.0,16.0,256.0,0,0.0,2.976,0.5579,2.0,0.0,"EBS only","12.5 Gigabit","",3.9,"Memory optimized"
r7iz.large,2.0,1.0,16.0,0,0.0,0.186,0.0394,2.0,0.0,"EBS only","Up to 12.5 Gigabit","",3.9,"Memory optimized"
r7iz.metal-16xl,64.0,32.0,512.0,0,0.0,5.952,0.6105,2.0,0.0,"EBS only","25 Gigabit","",3.9,"Memory optimized"
r7iz.metal-32xl,128.0,64.0,1024.0,0,0.0,11.904,1.3507,2.0,0.0,"EBS only","50 Gigabit","",3.9,"Memory optimized"
r7iz.xlarge,4.0,2.0,32.0,0,0.0,0.372,0.11,2.0,0.0,"EBS only","Up to 12.5 Gigabit","",3.9,"Memory optimized"
r8g.12xlarge,48.0,48.0,384.0,0,0.0,2.8277,0.6748,1.0,0.0,"EBS only","22.5 Gigabit","",2.8,"Memory optimized"
r8g.16xlarge,64.0,64.0,512.0,0,0.0,3.7702,0.531,1.0,0.0,"EBS only","30 Gigabit","",2.8,"Memory optimized"
r8g.24xlarge,96.0,96.0,768.0,0,0.0,5.6554,0.6738,1.0,0.0,"EBS only","40 Gigabit","",2.8,"Memory optimized"
r8g.2xlarge,8.0,8.0,64.0,0,0.0,0.4713,0.1536,1.0,0.0,"EBS only","Up to 15 Gigabit","",2.8,"Memory optimized"
r8g.48xlarge,192.0,192.0,1536.0,0,0.0,11.3107,1.8533,1.0,0.0,"EBS only","50 Gigabit","",2.7,"Memory optimized"
r8g.4xlarge,16.0,16.0,128.0,0,0.0,0.9426,0.2988,1.0,0.0,"EBS only","Up to 15 Gigabit","",2.8,"Memory optimized"
r8g.8xlarge,32.0,32.0,256.0,0,0.0,1.8851,0.2263,1.0,0.0,"EBS only","15 Gigabit","",2.8,"Memory optimized"
r8g.large,2.0,2.0,16.0,0,0.0,0.1178,0.0375,1.0,0.0,"EBS only","Up to 12.5 Gigabit","",2.8,"Memory optimized"
r8g.medium,1.0,1.0,8.0,0,0.0,0.0589,0.0173,1.0,0.0,"EBS only","Up to 12.5 Gigabit","",2.8,"Memory optimized"
r8g.metal-24xl,96.0,96.0,768.0,0,0.0,5.6554,0.5655,1.0,0.0,"EBS only","40 Gigabit","",2.8,"Memory optimized"
r8g.metal-48xl,192.0,192.0,1536.0,0,0.0,11.3107,1.1311,1.0,0.0,"EBS only","50 Gigabit","",2.7,"Memory optimized"
r8g.xlarge,4.0,4.0,32.0,0,0.0,0.2356,0.0744,1.0,0.0,"EBS only","Up to 12.5 Gigabit","",2.8,"Memory optimized"
t1.micro,1.0,1.0,0.61,0,0.0,0.02,0.002,1.0,0.0,"EBS only","Very Low","",0.0,"Micro instances"
t2.2xlarge,8.0,8.0,32.0,0,0.0,0.3712,0.0371,1.0,0.0,"EBS only",Moderate,"",2.3,"General purpose"
t2.large,2.0,2.0,8.0,0,0.0,0.0928,0.0239,1.0,0.0,"EBS only","Low to Moderate","",2.3,"General purpose"
t2.medium,2.0,2.0,4.0,0,0.0,0.0464,0.0103,1.0,0.0,"EBS only","Low to Moderate","",2.3,"General purpose"
t2.micro,1.0,1.0,1.0,0,0.0,0.0116,0.0014,1.0,0.0,"EBS only","Low to Moderate","",2.5,"General purpose"
t2.nano,1.0,1.0,0.5,0,0.0,0.0058,0.0,1.0,0.0,"EBS only","Low to Moderate","",2.4,"General purpose"
t2.small,1.0,1.0,2.0,0,0.0,0.023,0.0059,1.0,0.0,"EBS only","Low to Moderate","",2.5,"General purpose"
t2.xlarge,4.0,4.0,16.0,0,0.0,0.1856,0.04,1.0,0.0,"EBS only",Moderate,"",2.3,"General purpose"
t3.2xlarge,8.0,4.0,32.0,0,0.0,0.3328,0.0887,2.0,0.0,"EBS only","Up to 5 Gigabit","",2.5,"General purpose"
t3.large,2.0,1.0,8.0,0,0.0,0.0832,0.0274,2.0,0.0,"EBS only","Up to 5 Gigabit","",2.5,"General purpose"
t3.medium,2.0,1.0,4.0,0,0.0,0.0416,0.0167,2.0,0.0,"EBS only","Up to 5 Gigabit","",2.5,"General purpose"
t3.micro,2.0,1.0,1.0,0,0.0,0.0104,0.002,2.0,0.0,"EBS only","Up to 5 Gigabit","",2.5,"General purpose"
t3.nano,2.0,1.0,0.5,0,0.0,0.0052,0.0,2.0,0.0,"EBS only","Up to 5 Gigabit","",2.5,"General purpose"
t3.small,2.0,1.0,2.0,0,0.0,0.0208,0.0057,2.0,0.0,"EBS only","Up to 5 Gigabit","",2.5,"General purpose"
t3.xlarge,4.0,2.0,16.0,0,0.0,0.1664,0.0589,2.0,0.0,"EBS only","Up to 5 Gigabit","",2.5,"General purpose"
t3a.2xlarge,8.0,4.0,32.0,0,0.0,0.3008,0.1035,2.0,0.0,"EBS only","Up to 5 Gigabit","",2.2,"General purpose"
t3a.large,2.0,1.0,8.0,0,0.0,0.0752,0.0218,2.0,0.0,"EBS only","Up to 5 Gigabit","",2.2,"General purpose"
t3a.medium,2.0,1.0,4.0,0,0.0,0.0376,0.0099,2.0,0.0,"EBS only","Up to 5 Gigabit","",2.2,"General purpose"
t3a.micro,2.0,1.0,1.0,0,0.0,0.0094,0.0027,2.0,0.0,"EBS only","Up to 5 Gigabit","",2.2,"General purpose"
t3a.nano,2.0,1.0,0.5,0,0.0,0.0047,0.0012,2.0,0.0,"EBS only","Up to 5 Gigabit","",2.2,"General purpose"
t3a.small,2.0,1.0,2.0,0,0.0,0.0188,0.0055,2.0,0.0,"EBS only","Up to 5 Gigabit","",2.2,"General purpose"
t3a.xlarge,4.0,2.0,16.0,0,0.0,0.1504,0.0214,2.0,0.0,"EBS only","Up to 5 Gigabit","",2.2,"General purpose"
t4g.2xlarge,8.0,8.0,32.0,0,0.0,0.2688,0.0809,1.0,0.0,"EBS only","Up to 5 Gigabit","",2.5,"General purpose"
t4g.large,2.0,2.0,8.0,0,0.0,0.0672,0.0096,1.0,0.0,"EBS only","Up to 5 Gigabit","",2.5,"General purpose"
t4g.medium,2.0,2.0,4.0,0,0.0,0.0336,0.0077,1.0,0.0,"EBS only","Up to 5 Gigabit","",2.5,"General purpose"
t4g.micro,2.0,2.0,1.0,0,0.0,0.0084,0.0023,1.0,0.0,"EBS only","Up to 5 Gigabit","",2.5,"General purpose"
t4g.nano,2.0,2.0,0.5,0,0.0,0.0042,0.0,1.0,0.0,"EBS only","Up to 5 Gigabit","",2.5,"General purpose"
t4g.small,2.0,2.0,2.0,0,0.0,0.0168,0.0057,1.0,0.0,"EBS only","Up to 5 Gigabit","",2.5,"General purpose"
t4g.xlarge,4.0,4.0,16.0,0,0.0,0.1344,0.0436,1.0,0.0,"EBS only","Up to 5 Gigabit","",2.5,"General purpose"
trn1.2xlarge,8.0,4.0,32.0,0,0.0,1.3438,0.2969,2.0,474.0,"1 x 475 NVMe SSD","Up to 12.5 Gigabit","",3.5,"Machine Learning ASIC Instances"
trn1.32xlarge,128.0,64.0,512.0,0,0.0,21.5,2.15,2.0,7600.0,"4 x 1900 NVMe SSD","8x 100 Gigabit","",3.5,"Machine Learning ASIC Instances"
trn1n.32xlarge,128.0,64.0,512.0,0,0.0,24.78,6.1441,2.0,7600.0,"4 x 1900 NVMe SSD","16x 100 Gigabit","",3.5,"Machine Learning ASIC Instances"
u-12tb1.112xlarge,448.0,224.0,12288.0,0,0.0,109.2,0.0,2.0,0.0,"EBS only","100 Gigabit","",2.1,"Memory optimized"
u-18tb1.112xlarge,448.0,224.0,18432.0,0,0.0,163.8,0.0,2.0,0.0,"EBS only","100 Gigabit","",2.7,"Memory optimized"
u-24tb1.112xlarge,448.0,224.0,24576.0,0,0.0,218.4,0.0,2.0,0.0,"EBS only","100 Gigabit","",2.7,"Memory optimized"
u-3tb1.56xlarge,224.0,112.0,3072.0,0,0.0,27.3,0.0,2.0,0.0,"EBS only","50 Gigabit","",2.1,"Memory optimized"
u-6tb1.112xlarge,448.0,224.0,6144.0,0,0.0,54.6,0.0,2.0,0.0,"EBS only","100 Gigabit","",2.1,"Memory optimized"
u-6tb1.56xlarge,224.0,224.0,6144.0,0,0.0,46.4039,0.0,1.0,0.0,"EBS only","100 Gigabit","",2.1,"Memory optimized"
u-9tb1.112xlarge,448.0,224.0,9216.0,0,0.0,81.9,0.0,2.0,0.0,"EBS only","100 Gigabit","",2.1,"Memory optimized"
u7i-12tb.224xlarge,896.0,448.0,12288.0,0,0.0,135.2277,0.0,2.0,0.0,"EBS only","100 Gigabit","",1.9,"Memory optimized"
u7i-6tb.112xlarge,448.0,224.0,6144.0,0,0.0,62.79,0.0,2.0,0.0,"EBS only","100 Gigabit","",1.9,"Memory optimized"
u7i-8tb.112xlarge,448.0,224.0,8192.0,0,0.0,83.72,0.0,2.0,0.0,"EBS only","100 Gigabit","",1.9,"Memory optimized"
u7in-16tb.224xlarge,896.0,448.0,16384.0,0,0.0,180.4756,0.0,2.0,0.0,"EBS only","200 Gigabit","",1.9,"Memory optimized"
u7in-24tb.224xlarge,896.0,448.0,24576.0,0,0.0,270.7313,0.0,2.0,0.0,"EBS only","200 Gigabit","",1.9,"Memory optimized"
u7in-32tb.224xlarge,896.0,448.0,32768.0,0,0.0,360.9869,0.0,2.0,0.0,"EBS only","200 Gigabit","",1.9,"Memory optimized"
vt1.24xlarge,96.0,48.0,192.0,0,0.0,5.2,1.37,2.0,0.0,"EBS only","25 Gigabit","",2.5,"Media Accelerator Instances"
vt1.3xlarge,12.0,6.0,24.0,0,0.0,0.65,0.165,2.0,0.0,"EBS only","3.12 Gigabit","",2.5,"Media Accelerator Instances"
vt1.6xlarge,24.0,12.0,48.0,0,0.0,1.3,0.2939,2.0,0.0,"EBS only","6.25 Gigabit","",2.5,"Media Accelerator Instances"
x1.16xlarge,64.0,32.0,976.0,0,0.0,6.669,1.1805,2.0,1920.0,"1 x 1920 SSD","10 Gigabit","",2.3,"Memory optimized"
x1.32xlarge,128.0,64.0,1952.0,0,0.0,13.338,1.3338,2.0,3840.0,"2 x 1920 SSD","25 Gigabit","",2.3,"Memory optimized"
x1e.16xlarge,64.0,32.0,1952.0,0,0.0,13.344,1.3417,2.0,1920.0,"1 x 1920 SSD","10 Gigabit","",2.3,"Memory optimized"
x1e.2xlarge,8.0,4.0,244.0,0,0.0,1.668,0.3511,2.0,240.0,"1 x 240 SSD","Up to 10 Gigabit","",2.3,"Memory optimized"
x1e.32xlarge,128.0,64.0,3904.0,0,0.0,26.688,2.6688,2.0,3840.0,"2 x 1920 SSD","25 Gigabit","",2.3,"Memory optimized"
x1e.4xlarge,16.0,8.0,488.0,0,0.0,3.336,0.8133,2.0,480.0,"1 x 480 SSD","Up to 10 Gigabit","",2.3,"Memory optimized"
x1e.8xlarge,32.0,16.0,976.0,0,0.0,6.672,2.2913,2.0,960.0,"1 x 960 SSD","Up to 10 Gigabit","",2.3,"Memory optimized"
x1e.xlarge,4.0,2.0,122.0,0,0.0,0.834,0.101,2.0,120.0,"1 x 120 SSD","Up to 10 Gigabit","",2.3,"Memory optimized"
x2gd.12xlarge,48.0,48.0,768.0,0,0.0,4.008,0.473,1.0,2850.0,"2 x 1425 SSD","20 Gigabit","",2.5,"Memory optimized"
x2gd.16xlarge,64.0,64.0,1024.0,0,0.0,5.344,0.9605,1.0,3800.0,"2 x 1900 SSD","25 Gigabit","",2.5,"Memory optimized"
x2gd.2xlarge,8.0,8.0,128.0,0,0.0,0.668,0.0668,1.0,475.0,"1 x 474 SSD","Up to 10 Gigabit","",2.5,"Memory optimized"
x2gd.4xlarge,16.0,16.0,256.0,0,0.0,1.336,0.1732,1.0,950.0,"1 x 950 SSD","Up to 10 Gigabit","",2.5,"Memory optimized"
x2gd.8xlarge,32.0,32.0,512.0,0,0.0,2.672,0.5087,1.0,1900.0,"1 x 1900 SSD","12 Gigabit","",2.5,"Memory optimized"
x2gd.large,2.0,2.0,32.0,0,0.0,0.167,0.0458,1.0,118.0,"1 x 118 SSD","Up to 10 Gigabit","",2.5,"Memory optimized"
x2gd.medium,1.0,1.0,16.0,0,0.0,0.0835,0.0179,1.0,59.0,"1 x 59 SSD","Up to 10 Gigabit","",2.5,"Memory optimized"
x2gd.metal,64.0,64.0,1024.0,0,0.0,5.344,0.5344,1.0,3800.0,"2 x 1900 SSD","25 Gigabit","",2.5,"Memory optimized"
x2gd.xlarge,4.0,4.0,64.0,0,0.0,0.334,0.058,1.0,237.0,"1 x 237 SSD","Up to 10 Gigabit","",2.5,"Memory optimized"
x2idn.16xlarge,64.0,32.0,1024.0,0,0.0,6.669,2.1926,2.0,1900.0,"1 x 1900 NVMe SSD","50 Gigabit","",3.5,"Memory optimized"
x2idn.24xlarge,96.0,48.0,1536.0,0,0.0,10.0035,1.1183,2.0,2850.0,"2 x 1425 NVMe SSD","75 Gigabit","",3.5,"Memory optimized"
x2idn.32xlarge,128.0,64.0,2048.0,0,0.0,13.338,1.3638,2.0,3800.0,"2 x 1900 NVMe SSD","100 Gigabit","",3.5,"Memory optimized"
x2idn.metal,128.0,64.0,2048.0,0,0.0,13.338,1.9554,2.0,3800.0,"2 x 1900 NVMe SSD","100 Gigabit","",3.5,"Memory optimized"
x2iedn.16xlarge,64.0,32.0,2048.0,0,0.0,13.338,1.8082,2.0,1900.0,"1 x 1900 NVMe SSD","50 Gigabit","",3.5,"Memory optimized"
x2iedn.24xlarge,96.0,48.0,3072.0,0,0.0,20.007,2.0007,2.0,2850.0,"2 x 1425 NVMe SSD","75 Gigabit","",3.5,"Memory optimized"
x2iedn.2xlarge,8.0,4.0,256.0,0,0.0,1.6672,0.3686,2.0,237.0,"1 x 237 NVMe SSD","Up to 25 Gigabit","",3.5,"Memory optimized"
x2iedn.32xlarge,128.0,64.0,4096.0,0,0.0,26.676,2.7161,2.0,3800.0,"2 x 1900 NVMe SSD","100 Gigabit","",3.5,"Memory optimized"
x2iedn.4xlarge,16.0,8.0,512.0,0,0.0,3.3345,0.8602,2.0,475.0,"1 x 475 NVMe SSD","Up to 25 Gigabit","",3.5,"Memory optimized"
x2iedn.8xlarge,32.0,16.0,1024.0,0,0.0,6.669,1.6859,2.0,950.0,"1 x 950 NVMe SSD","25 Gigabit","",3.5,"Memory optimized"
x2iedn.metal,128.0,64.0,4096.0,0,0.0,26.676,2.6676,2.0,3800.0,"2 x 1900 NVMe SSD","100 Gigabit","",3.5,"Memory optimized"
x2iedn.xlarge,4.0,2.0,128.0,0,0.0,0.8336,0.2077,2.0,118.0,"1 x 118 NVMe SSD","Up to 25 Gigabit","",3.5,"Memory optimized"
x2iezn.12xlarge,48.0,24.0,1536.0,0,0.0,10.008,2.8144,2.0,0.0,"EBS only","100 Gigabit","",4.5,"Memory optimized"
x2iezn.2xlarge,8.0,4.0,256.0,0,0.0,1.668,0.3997,2.0,0.0,"EBS only","Up to 25 Gigabit","",4.5,"Memory optimized"
x2iezn.4xlarge,16.0,8.0,512.0,0,0.0,3.336,0.8751,2.0,0.0,"EBS only","Up to 25 Gigabit","",4.5,"Memory optimized"
x2iezn.6xlarge,24.0,12.0,768.0,0,0.0,5.004,1.2129,2.0,0.0,"EBS only","50 Gigabit","",4.5,"Memory optimized"
x2iezn.8xlarge,32.0,16.0,1024.0,0,0.0,6.672,2.2297,2.0,0.0,"EBS only","75 Gigabit","",4.5,"Memory optimized"
x2iezn.metal,48.0,24.0,1536.0,0,0.0,10.008,1.0008,2.0,0.0,"EBS only","100 Gigabit","",4.5,"Memory optimized"
x8g.12xlarge,48.0,48.0,768.0,0,0.0,4.6896,0.4707,1.0,0.0,"EBS only","22.5 Gigabit","",2.8,"Memory optimized"
x8g.16xlarge,64.0,64.0,1024.0,0,0.0,6.2528,1.2529,1.0,0.0,"EBS only","30 Gigabit","",2.8,"Memory optimized"
x8g.24xlarge,96.0,96.0,1536.0,0,0.0,9.3792,1.921,1.0,0.0,"EBS only","40 Gigabit","",2.8,"Memory optimized"
x8g.2xlarge,8.0,8.0,128.0,0,0.0,0.7816,0.2273,1.0,0.0,"EBS only","Up to 15 Gigabit","",2.8,"Memory optimized"
x8g.48xlarge,192.0,192.0,3072.0,0,0.0,18.7584,1.8883,1.0,0.0,"EBS only","50 Gigabit","",2.7,"Memory optimized"
x8g.4xlarge,16.0,16.0,256.0,0,0.0,1.5632,0.449,1.0,0.0,"EBS only","Up to 15 Gigabit","",2.8,"Memory optimized"
x8g.8xlarge,32.0,32.0,512.0,0,0.0,3.1264,0.316,1.0,0.0,"EBS only","15 Gigabit","",2.8,"Memory optimized"
x8g.large,2.0,2.0,32.0,0,0.0,0.1954,0.0401,1.0,0.0,"EBS only","Up to 12.5 Gigabit","",2.8,"Memory optimized"
x8g.medium,1.0,1.0,16.0,0,0.0,0.0977,0.0111,1.0,0.0,"EBS only","Up to 12.5 Gigabit","",2.8,"Memory optimized"
x8g.metal-24xl,96.0,96.0,1536.0,0,0.0,9.3792,0.9379,1.0,0.0,"EBS only","40 Gigabit","",2.8,"Memory optimized"
x8g.metal-48xl,192.0,192.0,3072.0,0,0.0,18.7584,1.8815,1.0,0.0,"EBS only","50 Gigabit","",2.7,"Memory optimized"
x8g.xlarge,4.0,4.0,64.0,0,0.0,0.3908,0.112,1.0,0.0,"EBS only","Up to 12.5 Gigabit","",2.8,"Memory optimized"
z1d.12xlarge,48.0,24.0,384.0,0,0.0,4.464,0.515,2.0,1800.0,"2 x 900 NVMe SSD","25 Gigabit","",4.0,"Memory optimized"
z1d.2xlarge,8.0,4.0,64.0,0,0.0,0.744,0.2529,2.0,300.0,"1 x 300 NVMe SSD","Up to 10 Gigabit","",4.0,"Memory optimized"
z1d.3xlarge,12.0,6.0,96.0,0,0.0,1.116,0.2473,2.0,450.0,"1 x 450 NVMe SSD","Up to 10 Gigabit","",4.0,"Memory optimized"
z1d.6xlarge,24.0,12.0,192.0,0,0.0,2.232,0.7207,2.0,900.0,"1 x 900 NVMe SSD","12 Gigabit","",4.0,"Memory optimized"
z1d.large,2.0,1.0,16.0,0,0.0,0.186,0.0426,2.0,75.0,"1 x 75 NVMe SSD","Up to 10 Gigabit","",4.0,"Memory optimized"
z1d.metal,48.0,24.0,384.0,0,0.0,4.464,0.4481,2.0,1800.0,"2 x 900 NVMe SSD","25 Gigabit","",4.0,"Memory optimized"
z1d.xlarge,4.0,2.0,32.0,0,0.0,0.372,0.1045,2.0,150.0,"1 x 150 NVMe SSD","Up to 10 Gigabit","",4.0,"Memory optimized"
